User_ID,Scenario_ID,AC_Label,D_total,P_human,Risk,Subj,Info,Lit,Trust_Norm,Scenario_Type
0,0,1.0,0.222222,1.0,0.0,0.0,0.0,0.5,0.5,SYNTHETIC_DEMO_NOT_REAL
0,1,1.0,0.416667,1.0,0.0,0.0,0.0,0.5,0.5,SYNTHETIC_DEMO_NOT_REAL
0,2,1.0,0.333333,0.0,0.0,0.0,1.0,0.5,0.5,SYNTHETIC_DEMO_NOT_REAL
0,3,1.0,0.364583,0.0,0.0,0.0,1.0,0.5,0.5,SYNTHETIC_DEMO_NOT_REAL
0,4,1.0,0.666667,0.0,0.0,1.0,0.0,0.5,0.5,SYNTHETIC_DEMO_NOT_REAL
0,5,1.0,0.666667,0.0,0.0,1.0,0.0,0.5,0.5,SYNTHETIC_DEMO_NOT_REAL
0,6,1.0,0.666667,1.0,0.0,1.0,1.0,0.5,0.5,SYNTHETIC_DEMO_NOT_REAL
0,7,1.0,0.444444,1.0,0.0,1.0,1.0,0.5,0.5,SYNTHETIC_DEMO_NOT_REAL
0,8,1.0,0.277778,1.0,1.0,0.0,0.0,0.5,0.5,SYNTHETIC_DEMO_NOT_REAL
0,9,1.0,0.666667,0.0,1.0,0.0,0.0,0.5,0.5,SYNTHETIC_DEMO_NOT_REAL
0,10,1.0,0.166667,0.0,1.0,0.0,1.0,0.5,0.5,SYNTHETIC_DEMO_NOT_REAL
0,11,1.0,0.555556,1.0,1.0,0.0,1.0,0.5,0.5,SYNTHETIC_DEMO_NOT_REAL
0,12,1.0,0.666667,1.0,1.0,1.0,0.0,0.5,0.5,SYNTHETIC_DEMO_NOT_REAL
0,13,1.0,0.333333,1.0,1.0,1.0,0.0,0.5,0.5,SYNTHETIC_DEMO_NOT_REAL
0,14,1.0,0.333333,1.0,1.0,1.0,1.0,0.5,0.5,SYNTHETIC_DEMO_NOT_REAL
0,15,1.0,0.583333,1.0,1.0,1.0,1.0,0.5,0.5,SYNTHETIC_DEMO_NOT_REAL
1,0,1.0,0.222222,1.0,0.0,0.0,0.0,0.75,0.625,SYNTHETIC_DEMO_NOT_REAL
1,2,1.0,0.333333,0.0,0.0,0.0,1.0,0.75,0.625,SYNTHETIC_DEMO_NOT_REAL
1,3,1.0,0.364583,0.0,0.0,0.0,1.0,0.75,0.625,SYNTHETIC_DEMO_NOT_REAL
1,4,1.0,0.666667,1.0,0.0,1.0,0.0,0.75,0.625,SYNTHETIC_DEMO_NOT_REAL
1,5,1.0,0.666667,0.0,0.0,1.0,0.0,0.75,0.625,SYNTHETIC_DEMO_NOT_REAL
1,6,1.0,0.666667,0.0,0.0,1.0,1.0,0.75,0.625,SYNTHETIC_DEMO_NOT_REAL
1,7,1.0,0.444444,0.0,0.0,1.0,1.0,0.75,0.625,SYNTHETIC_DEMO_NOT_REAL
1,8,1.0,0.277778,1.0,1.0,0.0,0.0,0.75,0.625,SYNTHETIC_DEMO_NOT_REAL
1,9,1.0,0.666667,0.0,1.0,0.0,0.0,0.75,0.625,SYNTHETIC_DEMO_NOT_REAL
1,10,1.0,0.166667,0.0,1.0,0.0,1.0,0.75,0.625,SYNTHETIC_DEMO_NOT_REAL
1,11,1.0,0.555556,1.0,1.0,0.0,1.0,0.75,0.625,SYNTHETIC_DEMO_NOT_REAL
1,12,1.0,0.666667,1.0,1.0,1.0,0.0,0.75,0.625,SYNTHETIC_DEMO_NOT_REAL
1,13,1.0,0.333333,1.0,1.0,1.0,0.0,0.75,0.625,SYNTHETIC_DEMO_NOT_REAL
1,14,1.0,0.333333,1.0,1.0,1.0,1.0,0.75,0.625,SYNTHETIC_DEMO_NOT_REAL
1,15,1.0,0.583333,1.0,1.0,1.0,1.0,0.75,0.625,SYNTHETIC_DEMO_NOT_REAL
2,0,1.0,0.222222,0.0,0.0,0.0,0.0,0.5,0.5,SYNTHETIC_DEMO_NOT_REAL
2,1,1.0,0.416667,0.0,0.0,0.0,0.0,0.5,0.5,SYNTHETIC_DEMO_NOT_REAL
2,2,1.0,0.333333,0.0,0.0,0.0,1.0,0.5,0.5,SYNTHETIC_DEMO_NOT_REAL
2,3,1.0,0.364583,0.0,0.0,0.0,1.0,0.5,0.5,SYNTHETIC_DEMO_NOT_REAL
2,4,1.0,0.666667,1.0,0.0,1.0,0.0,0.5,0.5,SYNTHETIC_DEMO_NOT_REAL
2,5,1.0,0.666667,1.0,0.0,1.0,0.0,0.5,0.5,SYNTHETIC_DEMO_NOT_REAL
2,6,1.0,0.666667,1.0,0.0,1.0,1.0,0.5,0.5,SYNTHETIC_DEMO_NOT_REAL
2,7,1.0,0.444444,1.0,0.0,1.0,1.0,0.5,0.5,SYNTHETIC_DEMO_NOT_REAL
2,8,1.0,0.277778,1.0,1.0,0.0,0.0,0.5,0.5,SYNTHETIC_DEMO_NOT_REAL
2,9,1.0,0.666667,1.0,1.0,0.0,0.0,0.5,0.5,SYNTHETIC_DEMO_NOT_REAL
2,10,1.0,0.166667,1.0,1.0,0.0,1.0,0.5,0.5,SYNTHETIC_DEMO_NOT_REAL
2,11,1.0,0.555556,0.0,1.0,0.0,1.0,0.5,0.5,SYNTHETIC_DEMO_NOT_REAL
2,12,1.0,0.666667,1.0,1.0,1.0,0.0,0.5,0.5,SYNTHETIC_DEMO_NOT_REAL
2,13,1.0,0.333333,1.0,1.0,1.0,0.0,0.5,0.5,SYNTHETIC_DEMO_NOT_REAL
2,14,1.0,0.333333,1.0,1.0,1.0,1.0,0.5,0.5,SYNTHETIC_DEMO_NOT_REAL
2,15,1.0,0.583333,1.0,1.0,1.0,1.0,0.5,0.5,SYNTHETIC_DEMO_NOT_REAL
3,0,1.0,0.222222,0.0,0.0,0.0,0.0,0.5,0.75,SYNTHETIC_DEMO_NOT_REAL
3,2,1.0,0.333333,1.0,0.0,0.0,1.0,0.5,0.75,SYNTHETIC_DEMO_NOT_REAL
3,3,1.0,0.364583,0.0,0.0,0.0,1.0,0.5,0.75,SYNTHETIC_DEMO_NOT_REAL
3,4,1.0,0.666667,0.0,0.0,1.0,0.0,0.5,0.75,SYNTHETIC_DEMO_NOT_REAL
3,5,1.0,0.666667,0.0,0.0,1.0,0.0,0.5,0.75,SYNTHETIC_DEMO_NOT_REAL
3,6,1.0,0.666667,0.0,0.0,1.0,1.0,0.5,0.75,SYNTHETIC_DEMO_NOT_REAL
3,7,1.0,0.444444,1.0,0.0,1.0,1.0,0.5,0.75,SYNTHETIC_DEMO_NOT_REAL
3,8,1.0,0.277778,1.0,1.0,0.0,0.0,0.5,0.75,SYNTHETIC_DEMO_NOT_REAL
3,9,1.0,0.666667,1.0,1.0,0.0,0.0,0.5,0.75,SYNTHETIC_DEMO_NOT_REAL
3,10,1.0,0.166667,1.0,1.0,0.0,1.0,0.5,0.75,SYNTHETIC_DEMO_NOT_REAL
3,11,1.0,0.555556,0.0,1.0,0.0,1.0,0.5,0.75,SYNTHETIC_DEMO_NOT_REAL
3,12,1.0,0.666667,1.0,1.0,1.0,0.0,0.5,0.75,SYNTHETIC_DEMO_NOT_REAL
3,13,1.0,0.333333,0.0,1.0,1.0,0.0,0.5,0.75,SYNTHETIC_DEMO_NOT_REAL
3,14,1.0,0.333333,1.0,1.0,1.0,1.0,0.5,0.75,SYNTHETIC_DEMO_NOT_REAL
3,15,1.0,0.583333,1.0,1.0,1.0,1.0,0.5,0.75,SYNTHETIC_DEMO_NOT_REAL
4,0,1.0,0.222222,0.0,0.0,0.0,0.0,0.75,0.75,SYNTHETIC_DEMO_NOT_REAL
4,2,1.0,0.333333,0.0,0.0,0.0,1.0,0.75,0.75,SYNTHETIC_DEMO_NOT_REAL
4,3,1.0,0.364583,0.0,0.0,0.0,1.0,0.75,0.75,SYNTHETIC_DEMO_NOT_REAL
4,4,1.0,0.666667,1.0,0.0,1.0,0.0,0.75,0.75,SYNTHETIC_DEMO_NOT_REAL
4,5,1.0,0.666667,1.0,0.0,1.0,0.0,0.75,0.75,SYNTHETIC_DEMO_NOT_REAL
4,6,1.0,0.666667,1.0,0.0,1.0,1.0,0.75,0.75,SYNTHETIC_DEMO_NOT_REAL
4,7,1.0,0.444444,1.0,0.0,1.0,1.0,0.75,0.75,SYNTHETIC_DEMO_NOT_REAL
4,8,1.0,0.277778,1.0,1.0,0.0,0.0,0.75,0.75,SYNTHETIC_DEMO_NOT_REAL
4,9,1.0,0.666667,1.0,1.0,0.0,0.0,0.75,0.75,SYNTHETIC_DEMO_NOT_REAL
4,10,1.0,0.166667,1.0,1.0,0.0,1.0,0.75,0.75,SYNTHETIC_DEMO_NOT_REAL
4,11,1.0,0.555556,0.0,1.0,0.0,1.0,0.75,0.75,SYNTHETIC_DEMO_NOT_REAL
4,12,1.0,0.666667,1.0,1.0,1.0,0.0,0.75,0.75,SYNTHETIC_DEMO_NOT_REAL
4,13,1.0,0.333333,1.0,1.0,1.0,0.0,0.75,0.75,SYNTHETIC_DEMO_NOT_REAL
4,14,1.0,0.333333,1.0,1.0,1.0,1.0,0.75,0.75,SYNTHETIC_DEMO_NOT_REAL
4,15,1.0,0.583333,1.0,1.0,1.0,1.0,0.75,0.75,SYNTHETIC_DEMO_NOT_REAL
5,0,1.0,0.222222,1.0,0.0,0.0,0.0,0.75,0.125,SYNTHETIC_DEMO_NOT_REAL
5,1,1.0,0.416667,1.0,0.0,0.0,0.0,0.75,0.125,SYNTHETIC_DEMO_NOT_REAL
5,2,1.0,0.333333,0.0,0.0,0.0,1.0,0.75,0.125,SYNTHETIC_DEMO_NOT_REAL
5,3,1.0,0.364583,0.0,0.0,0.0,1.0,0.75,0.125,SYNTHETIC_DEMO_NOT_REAL
5,4,1.0,0.666667,0.0,0.0,1.0,0.0,0.75,0.125,SYNTHETIC_DEMO_NOT_REAL
5,5,1.0,0.666667,0.0,0.0,1.0,0.0,0.75,0.125,SYNTHETIC_DEMO_NOT_REAL
5,6,1.0,0.666667,1.0,0.0,1.0,1.0,0.75,0.125,SYNTHETIC_DEMO_NOT_REAL
5,7,1.0,0.444444,1.0,0.0,1.0,1.0,0.75,0.125,SYNTHETIC_DEMO_NOT_REAL
5,8,1.0,0.277778,1.0,1.0,0.0,0.0,0.75,0.125,SYNTHETIC_DEMO_NOT_REAL
5,9,1.0,0.666667,0.0,1.0,0.0,0.0,0.75,0.125,SYNTHETIC_DEMO_NOT_REAL
5,10,1.0,0.166667,1.0,1.0,0.0,1.0,0.75,0.125,SYNTHETIC_DEMO_NOT_REAL
5,11,1.0,0.555556,0.0,1.0,0.0,1.0,0.75,0.125,SYNTHETIC_DEMO_NOT_REAL
5,12,1.0,0.666667,1.0,1.0,1.0,0.0,0.75,0.125,SYNTHETIC_DEMO_NOT_REAL
5,13,1.0,0.333333,1.0,1.0,1.0,0.0,0.75,0.125,SYNTHETIC_DEMO_NOT_REAL
5,14,1.0,0.333333,1.0,1.0,1.0,1.0,0.75,0.125,SYNTHETIC_DEMO_NOT_REAL
5,15,1.0,0.583333,1.0,1.0,1.0,1.0,0.75,0.125,SYNTHETIC_DEMO_NOT_REAL
6,0,1.0,0.222222,0.0,0.0,0.0,0.0,1.0,0.875,SYNTHETIC_DEMO_NOT_REAL
6,1,1.0,0.416667,0.0,0.0,0.0,0.0,1.0,0.875,SYNTHETIC_DEMO_NOT_REAL
6,2,1.0,0.333333,0.0,0.0,0.0,1.0,1.0,0.875,SYNTHETIC_DEMO_NOT_REAL
6,3,1.0,0.364583,0.0,0.0,0.0,1.0,1.0,0.875,SYNTHETIC_DEMO_NOT_REAL
6,4,1.0,0.666667,1.0,0.0,1.0,0.0,1.0,0.875,SYNTHETIC_DEMO_NOT_REAL
6,5,1.0,0.666667,1.0,0.0,1.0,0.0,1.0,0.875,SYNTHETIC_DEMO_NOT_REAL
6,6,1.0,0.666667,0.0,0.0,1.0,1.0,1.0,0.875,SYNTHETIC_DEMO_NOT_REAL
6,7,1.0,0.444444,0.0,0.0,1.0,1.0,1.0,0.875,SYNTHETIC_DEMO_NOT_REAL
6,8,1.0,0.277778,0.0,1.0,0.0,0.0,1.0,0.875,SYNTHETIC_DEMO_NOT_REAL
6,9,1.0,0.666667,0.0,1.0,0.0,0.0,1.0,0.875,SYNTHETIC_DEMO_NOT_REAL
6,10,1.0,0.166667,1.0,1.0,0.0,1.0,1.0,0.875,SYNTHETIC_DEMO_NOT_REAL
6,11,1.0,0.555556,1.0,1.0,0.0,1.0,1.0,0.875,SYNTHETIC_DEMO_NOT_REAL
6,12,1.0,0.666667,1.0,1.0,1.0,0.0,1.0,0.875,SYNTHETIC_DEMO_NOT_REAL
6,13,1.0,0.333333,1.0,1.0,1.0,0.0,1.0,0.875,SYNTHETIC_DEMO_NOT_REAL
6,14,1.0,0.333333,1.0,1.0,1.0,1.0,1.0,0.875,SYNTHETIC_DEMO_NOT_REAL
6,15,1.0,0.583333,1.0,1.0,1.0,1.0,1.0,0.875,SYNTHETIC_DEMO_NOT_REAL
7,0,1.0,0.222222,0.0,0.0,0.0,0.0,0.5,0.625,SYNTHETIC_DEMO_NOT_REAL
7,1,1.0,0.416667,0.0,0.0,0.0,0.0,0.5,0.625,SYNTHETIC_DEMO_NOT_REAL
7,2,1.0,0.333333,0.0,0.0,0.0,1.0,0.5,0.625,SYNTHETIC_DEMO_NOT_REAL
7,3,1.0,0.364583,0.0,0.0,0.0,1.0,0.5,0.625,SYNTHETIC_DEMO_NOT_REAL
7,4,1.0,0.666667,1.0,0.0,1.0,0.0,0.5,0.625,SYNTHETIC_DEMO_NOT_REAL
7,5,1.0,0.666667,1.0,0.0,1.0,0.0,0.5,0.625,SYNTHETIC_DEMO_NOT_REAL
7,6,1.0,0.666667,0.0,0.0,1.0,1.0,0.5,0.625,SYNTHETIC_DEMO_NOT_REAL
7,7,1.0,0.444444,1.0,0.0,1.0,1.0,0.5,0.625,SYNTHETIC_DEMO_NOT_REAL
7,8,1.0,0.277778,1.0,1.0,0.0,0.0,0.5,0.625,SYNTHETIC_DEMO_NOT_REAL
7,9,1.0,0.666667,0.0,1.0,0.0,0.0,0.5,0.625,SYNTHETIC_DEMO_NOT_REAL
7,10,1.0,0.166667,0.0,1.0,0.0,1.0,0.5,0.625,SYNTHETIC_DEMO_NOT_REAL
7,11,1.0,0.555556,0.0,1.0,0.0,1.0,0.5,0.625,SYNTHETIC_DEMO_NOT_REAL
7,12,1.0,0.666667,1.0,1.0,1.0,0.0,0.5,0.625,SYNTHETIC_DEMO_NOT_REAL
7,13,1.0,0.333333,1.0,1.0,1.0,0.0,0.5,0.625,SYNTHETIC_DEMO_NOT_REAL
7,14,1.0,0.333333,1.0,1.0,1.0,1.0,0.5,0.625,SYNTHETIC_DEMO_NOT_REAL
7,15,1.0,0.583333,1.0,1.0,1.0,1.0,0.5,0.625,SYNTHETIC_DEMO_NOT_REAL
8,0,1.0,0.222222,0.0,0.0,0.0,0.0,0.75,0.5,SYNTHETIC_DEMO_NOT_REAL
8,2,1.0,0.333333,0.0,0.0,0.0,1.0,0.75,0.5,SYNTHETIC_DEMO_NOT_REAL
8,3,1.0,0.364583,0.0,0.0,0.0,1.0,0.75,0.5,SYNTHETIC_DEMO_NOT_REAL
8,4,1.0,0.666667,1.0,0.0,1.0,0.0,0.75,0.5,SYNTHETIC_DEMO_NOT_REAL
8,5,1.0,0.666667,1.0,0.0,1.0,0.0,0.75,0.5,SYNTHETIC_DEMO_NOT_REAL
8,6,1.0,0.666667,1.0,0.0,1.0,1.0,0.75,0.5,SYNTHETIC_DEMO_NOT_REAL
8,7,1.0,0.444444,1.0,0.0,1.0,1.0,0.75,0.5,SYNTHETIC_DEMO_NOT_REAL
8,8,1.0,0.277778,1.0,1.0,0.0,0.0,0.75,0.5,SYNTHETIC_DEMO_NOT_REAL
8,9,1.0,0.666667,1.0,1.0,0.0,0.0,0.75,0.5,SYNTHETIC_DEMO_NOT_REAL
8,10,1.0,0.166667,0.0,1.0,0.0,1.0,0.75,0.5,SYNTHETIC_DEMO_NOT_REAL
8,11,1.0,0.555556,1.0,1.0,0.0,1.0,0.75,0.5,SYNTHETIC_DEMO_NOT_REAL
8,12,1.0,0.666667,1.0,1.0,1.0,0.0,0.75,0.5,SYNTHETIC_DEMO_NOT_REAL
8,13,1.0,0.333333,1.0,1.0,1.0,0.0,0.75,0.5,SYNTHETIC_DEMO_NOT_REAL
8,14,1.0,0.333333,1.0,1.0,1.0,1.0,0.75,0.5,SYNTHETIC_DEMO_NOT_REAL
8,15,1.0,0.583333,1.0,1.0,1.0,1.0,0.75,0.5,SYNTHETIC_DEMO_NOT_REAL
9,0,1.0,0.222222,1.0,0.0,0.0,0.0,0.0,0.125,SYNTHETIC_DEMO_NOT_REAL
9,2,1.0,0.333333,0.0,0.0,0.0,1.0,0.0,0.125,SYNTHETIC_DEMO_NOT_REAL
9,3,1.0,0.364583,0.0,0.0,0.0,1.0,0.0,0.125,SYNTHETIC_DEMO_NOT_REAL
9,4,1.0,0.666667,0.0,0.0,1.0,0.0,0.0,0.125,SYNTHETIC_DEMO_NOT_REAL
9,5,1.0,0.666667,0.0,0.0,1.0,0.0,0.0,0.125,SYNTHETIC_DEMO_NOT_REAL
9,6,1.0,0.666667,1.0,0.0,1.0,1.0,0.0,0.125,SYNTHETIC_DEMO_NOT_REAL
9,7,1.0,0.444444,0.0,0.0,1.0,1.0,0.0,0.125,SYNTHETIC_DEMO_NOT_REAL
9,8,1.0,0.277778,0.0,1.0,0.0,0.0,0.0,0.125,SYNTHETIC_DEMO_NOT_REAL
9,9,1.0,0.666667,1.0,1.0,0.0,0.0,0.0,0.125,SYNTHETIC_DEMO_NOT_REAL
9,10,1.0,0.166667,0.0,1.0,0.0,1.0,0.0,0.125,SYNTHETIC_DEMO_NOT_REAL
9,11,1.0,0.555556,0.0,1.0,0.0,1.0,0.0,0.125,SYNTHETIC_DEMO_NOT_REAL
9,12,1.0,0.666667,1.0,1.0,1.0,0.0,0.0,0.125,SYNTHETIC_DEMO_NOT_REAL
9,13,1.0,0.333333,1.0,1.0,1.0,0.0,0.0,0.125,SYNTHETIC_DEMO_NOT_REAL
9,14,1.0,0.333333,1.0,1.0,1.0,1.0,0.0,0.125,SYNTHETIC_DEMO_NOT_REAL
9,15,1.0,0.583333,1.0,1.0,1.0,1.0,0.0,0.125,SYNTHETIC_DEMO_NOT_REAL
10,0,1.0,0.222222,1.0,0.0,0.0,0.0,0.5,0.25,SYNTHETIC_DEMO_NOT_REAL
10,1,1.0,0.416667,1.0,0.0,0.0,0.0,0.5,0.25,SYNTHETIC_DEMO_NOT_REAL
10,2,1.0,0.333333,0.0,0.0,0.0,1.0,0.5,0.25,SYNTHETIC_DEMO_NOT_REAL
10,3,1.0,0.364583,0.0,0.0,0.0,1.0,0.5,0.25,SYNTHETIC_DEMO_NOT_REAL
10,4,1.0,0.666667,1.0,0.0,1.0,0.0,0.5,0.25,SYNTHETIC_DEMO_NOT_REAL
10,5,1.0,0.666667,1.0,0.0,1.0,0.0,0.5,0.25,SYNTHETIC_DEMO_NOT_REAL
10,6,1.0,0.666667,0.0,0.0,1.0,1.0,0.5,0.25,SYNTHETIC_DEMO_NOT_REAL
10,7,1.0,0.444444,1.0,0.0,1.0,1.0,0.5,0.25,SYNTHETIC_DEMO_NOT_REAL
10,8,1.0,0.277778,1.0,1.0,0.0,0.0,0.5,0.25,SYNTHETIC_DEMO_NOT_REAL
10,9,1.0,0.666667,0.0,1.0,0.0,0.0,0.5,0.25,SYNTHETIC_DEMO_NOT_REAL
10,10,1.0,0.166667,1.0,1.0,0.0,1.0,0.5,0.25,SYNTHETIC_DEMO_NOT_REAL
10,11,1.0,0.555556,1.0,1.0,0.0,1.0,0.5,0.25,SYNTHETIC_DEMO_NOT_REAL
10,12,1.0,0.666667,1.0,1.0,1.0,0.0,0.5,0.25,SYNTHETIC_DEMO_NOT_REAL
10,13,1.0,0.333333,1.0,1.0,1.0,0.0,0.5,0.25,SYNTHETIC_DEMO_NOT_REAL
10,14,1.0,0.333333,0.0,1.0,1.0,1.0,0.5,0.25,SYNTHETIC_DEMO_NOT_REAL
10,15,1.0,0.583333,1.0,1.0,1.0,1.0,0.5,0.25,SYNTHETIC_DEMO_NOT_REAL
11,0,1.0,0.222222,0.0,0.0,0.0,0.0,0.5,0.5,SYNTHETIC_DEMO_NOT_REAL
11,1,1.0,0.416667,0.0,0.0,0.0,0.0,0.5,0.5,SYNTHETIC_DEMO_NOT_REAL
11,2,1.0,0.333333,0.0,0.0,0.0,1.0,0.5,0.5,SYNTHETIC_DEMO_NOT_REAL
11,3,1.0,0.364583,0.0,0.0,0.0,1.0,0.5,0.5,SYNTHETIC_DEMO_NOT_REAL
11,4,1.0,0.666667,1.0,0.0,1.0,0.0,0.5,0.5,SYNTHETIC_DEMO_NOT_REAL
11,5,1.0,0.666667,0.0,0.0,1.0,0.0,0.5,0.5,SYNTHETIC_DEMO_NOT_REAL
11,6,1.0,0.666667,1.0,0.0,1.0,1.0,0.5,0.5,SYNTHETIC_DEMO_NOT_REAL
11,7,1.0,0.444444,0.0,0.0,1.0,1.0,0.5,0.5,SYNTHETIC_DEMO_NOT_REAL
11,8,1.0,0.277778,1.0,1.0,0.0,0.0,0.5,0.5,SYNTHETIC_DEMO_NOT_REAL
11,9,1.0,0.666667,1.0,1.0,0.0,0.0,0.5,0.5,SYNTHETIC_DEMO_NOT_REAL
11,10,1.0,0.166667,0.0,1.0,0.0,1.0,0.5,0.5,SYNTHETIC_DEMO_NOT_REAL
11,11,1.0,0.555556,1.0,1.0,0.0,1.0,0.5,0.5,SYNTHETIC_DEMO_NOT_REAL
11,12,1.0,0.666667,1.0,1.0,1.0,0.0,0.5,0.5,SYNTHETIC_DEMO_NOT_REAL
11,13,1.0,0.333333,1.0,1.0,1.0,0.0,0.5,0.5,SYNTHETIC_DEMO_NOT_REAL
11,14,1.0,0.333333,1.0,1.0,1.0,1.0,0.5,0.5,SYNTHETIC_DEMO_NOT_REAL
11,15,1.0,0.583333,1.0,1.0,1.0,1.0,0.5,0.5,SYNTHETIC_DEMO_NOT_REAL
12,0,1.0,0.222222,1.0,0.0,0.0,0.0,0.5,0.5,SYNTHETIC_DEMO_NOT_REAL
12,1,1.0,0.416667,0.0,0.0,0.0,0.0,0.5,0.5,SYNTHETIC_DEMO_NOT_REAL
12,2,1.0,0.333333,0.0,0.0,0.0,1.0,0.5,0.5,SYNTHETIC_DEMO_NOT_REAL
12,3,1.0,0.364583,0.0,0.0,0.0,1.0,0.5,0.5,SYNTHETIC_DEMO_NOT_REAL
12,4,1.0,0.666667,1.0,0.0,1.0,0.0,0.5,0.5,SYNTHETIC_DEMO_NOT_REAL
12,5,1.0,0.666667,1.0,0.0,1.0,0.0,0.5,0.5,SYNTHETIC_DEMO_NOT_REAL
12,6,1.0,0.666667,0.0,0.0,1.0,1.0,0.5,0.5,SYNTHETIC_DEMO_NOT_REAL
12,7,1.0,0.444444,0.0,0.0,1.0,1.0,0.5,0.5,SYNTHETIC_DEMO_NOT_REAL
12,8,1.0,0.277778,0.0,1.0,0.0,0.0,0.5,0.5,SYNTHETIC_DEMO_NOT_REAL
12,9,1.0,0.666667,0.0,1.0,0.0,0.0,0.5,0.5,SYNTHETIC_DEMO_NOT_REAL
12,10,1.0,0.166667,1.0,1.0,0.0,1.0,0.5,0.5,SYNTHETIC_DEMO_NOT_REAL
12,11,1.0,0.555556,0.0,1.0,0.0,1.0,0.5,0.5,SYNTHETIC_DEMO_NOT_REAL
12,12,1.0,0.666667,1.0,1.0,1.0,0.0,0.5,0.5,SYNTHETIC_DEMO_NOT_REAL
12,13,1.0,0.333333,1.0,1.0,1.0,0.0,0.5,0.5,SYNTHETIC_DEMO_NOT_REAL
12,14,1.0,0.333333,1.0,1.0,1.0,1.0,0.5,0.5,SYNTHETIC_DEMO_NOT_REAL
12,15,1.0,0.583333,1.0,1.0,1.0,1.0,0.5,0.5,SYNTHETIC_DEMO_NOT_REAL
13,0,1.0,0.222222,0.0,0.0,0.0,0.0,0.5,0.75,SYNTHETIC_DEMO_NOT_REAL
13,2,1.0,0.333333,0.0,0.0,0.0,1.0,0.5,0.75,SYNTHETIC_DEMO_NOT_REAL
13,3,1.0,0.364583,0.0,0.0,0.0,1.0,0.5,0.75,SYNTHETIC_DEMO_NOT_REAL
13,4,1.0,0.666667,1.0,0.0,1.0,0.0,0.5,0.75,SYNTHETIC_DEMO_NOT_REAL
13,5,1.0,0.666667,1.0,0.0,1.0,0.0,0.5,0.75,SYNTHETIC_DEMO_NOT_REAL
13,6,1.0,0.666667,0.0,0.0,1.0,1.0,0.5,0.75,SYNTHETIC_DEMO_NOT_REAL
13,7,1.0,0.444444,0.0,0.0,1.0,1.0,0.5,0.75,SYNTHETIC_DEMO_NOT_REAL
13,8,1.0,0.277778,1.0,1.0,0.0,0.0,0.5,0.75,SYNTHETIC_DEMO_NOT_REAL
13,9,1.0,0.666667,0.0,1.0,0.0,0.0,0.5,0.75,SYNTHETIC_DEMO_NOT_REAL
13,10,1.0,0.166667,0.0,1.0,0.0,1.0,0.5,0.75,SYNTHETIC_DEMO_NOT_REAL
13,11,1.0,0.555556,0.0,1.0,0.0,1.0,0.5,0.75,SYNTHETIC_DEMO_NOT_REAL
13,12,1.0,0.666667,1.0,1.0,1.0,0.0,0.5,0.75,SYNTHETIC_DEMO_NOT_REAL
13,13,1.0,0.333333,1.0,1.0,1.0,0.0,0.5,0.75,SYNTHETIC_DEMO_NOT_REAL
13,14,1.0,0.333333,1.0,1.0,1.0,1.0,0.5,0.75,SYNTHETIC_DEMO_NOT_REAL
13,15,1.0,0.583333,1.0,1.0,1.0,1.0,0.5,0.75,SYNTHETIC_DEMO_NOT_REAL
14,0,1.0,0.222222,1.0,0.0,0.0,0.0,0.5,0.25,SYNTHETIC_DEMO_NOT_REAL
14,1,1.0,0.416667,0.0,0.0,0.0,0.0,0.5,0.25,SYNTHETIC_DEMO_NOT_REAL
14,2,1.0,0.333333,0.0,0.0,0.0,1.0,0.5,0.25,SYNTHETIC_DEMO_NOT_REAL
14,3,1.0,0.364583,1.0,0.0,0.0,1.0,0.5,0.25,SYNTHETIC_DEMO_NOT_REAL
14,4,1.0,0.666667,1.0,0.0,1.0,0.0,0.5,0.25,SYNTHETIC_DEMO_NOT_REAL
14,5,1.0,0.666667,1.0,0.0,1.0,0.0,0.5,0.25,SYNTHETIC_DEMO_NOT_REAL
14,6,1.0,0.666667,0.0,0.0,1.0,1.0,0.5,0.25,SYNTHETIC_DEMO_NOT_REAL
14,7,1.0,0.444444,1.0,0.0,1.0,1.0,0.5,0.25,SYNTHETIC_DEMO_NOT_REAL
14,8,1.0,0.277778,0.0,1.0,0.0,0.0,0.5,0.25,SYNTHETIC_DEMO_NOT_REAL
14,9,1.0,0.666667,1.0,1.0,0.0,0.0,0.5,0.25,SYNTHETIC_DEMO_NOT_REAL
14,10,1.0,0.166667,0.0,1.0,0.0,1.0,0.5,0.25,SYNTHETIC_DEMO_NOT_REAL
14,11,1.0,0.555556,1.0,1.0,0.0,1.0,0.5,0.25,SYNTHETIC_DEMO_NOT_REAL
14,12,1.0,0.666667,1.0,1.0,1.0,0.0,0.5,0.25,SYNTHETIC_DEMO_NOT_REAL
14,13,1.0,0.333333,1.0,1.0,1.0,0.0,0.5,0.25,SYNTHETIC_DEMO_NOT_REAL
14,14,1.0,0.333333,1.0,1.0,1.0,1.0,0.5,0.25,SYNTHETIC_DEMO_NOT_REAL
14,15,1.0,0.583333,1.0,1.0,1.0,1.0,0.5,0.25,SYNTHETIC_DEMO_NOT_REAL
15,0,1.0,0.222222,1.0,0.0,0.0,0.0,0.5,0.75,SYNTHETIC_DEMO_NOT_REAL
15,1,1.0,0.416667,0.0,0.0,0.0,0.0,0.5,0.75,SYNTHETIC_DEMO_NOT_REAL
15,2,1.0,0.333333,1.0,0.0,0.0,1.0,0.5,0.75,SYNTHETIC_DEMO_NOT_REAL
15,3,1.0,0.364583,0.0,0.0,0.0,1.0,0.5,0.75,SYNTHETIC_DEMO_NOT_REAL
15,4,1.0,0.666667,0.0,0.0,1.0,0.0,0.5,0.75,SYNTHETIC_DEMO_NOT_REAL
15,5,1.0,0.666667,0.0,0.0,1.0,0.0,0.5,0.75,SYNTHETIC_DEMO_NOT_REAL
15,6,1.0,0.666667,1.0,0.0,1.0,1.0,0.5,0.75,SYNTHETIC_DEMO_NOT_REAL
15,7,1.0,0.444444,1.0,0.0,1.0,1.0,0.5,0.75,SYNTHETIC_DEMO_NOT_REAL
15,8,1.0,0.277778,0.0,1.0,0.0,0.0,0.5,0.75,SYNTHETIC_DEMO_NOT_REAL
15,9,1.0,0.666667,0.0,1.0,0.0,0.0,0.5,0.75,SYNTHETIC_DEMO_NOT_REAL
15,10,1.0,0.166667,1.0,1.0,0.0,1.0,0.5,0.75,SYNTHETIC_DEMO_NOT_REAL
15,11,1.0,0.555556,0.0,1.0,0.0,1.0,0.5,0.75,SYNTHETIC_DEMO_NOT_REAL
15,12,1.0,0.666667,1.0,1.0,1.0,0.0,0.5,0.75,SYNTHETIC_DEMO_NOT_REAL
15,13,1.0,0.333333,1.0,1.0,1.0,0.0,0.5,0.75,SYNTHETIC_DEMO_NOT_REAL
15,14,1.0,0.333333,1.0,1.0,1.0,1.0,0.5,0.75,SYNTHETIC_DEMO_NOT_REAL
15,15,1.0,0.583333,1.0,1.0,1.0,1.0,0.5,0.75,SYNTHETIC_DEMO_NOT_REAL
16,0,1.0,0.222222,0.0,0.0,0.0,0.0,0.75,0.625,SYNTHETIC_DEMO_NOT_REAL
16,1,1.0,0.416667,0.0,0.0,0.0,0.0,0.75,0.625,SYNTHETIC_DEMO_NOT_REAL
16,2,1.0,0.333333,0.0,0.0,0.0,1.0,0.75,0.625,SYNTHETIC_DEMO_NOT_REAL
16,3,1.0,0.364583,0.0,0.0,0.0,1.0,0.75,0.625,SYNTHETIC_DEMO_NOT_REAL
16,4,1.0,0.666667,1.0,0.0,1.0,0.0,0.75,0.625,SYNTHETIC_DEMO_NOT_REAL
16,5,1.0,0.666667,1.0,0.0,1.0,0.0,0.75,0.625,SYNTHETIC_DEMO_NOT_REAL
16,6,1.0,0.666667,1.0,0.0,1.0,1.0,0.75,0.625,SYNTHETIC_DEMO_NOT_REAL
16,7,1.0,0.444444,0.0,0.0,1.0,1.0,0.75,0.625,SYNTHETIC_DEMO_NOT_REAL
16,8,1.0,0.277778,1.0,1.0,0.0,0.0,0.75,0.625,SYNTHETIC_DEMO_NOT_REAL
16,9,1.0,0.666667,0.0,1.0,0.0,0.0,0.75,0.625,SYNTHETIC_DEMO_NOT_REAL
16,10,1.0,0.166667,1.0,1.0,0.0,1.0,0.75,0.625,SYNTHETIC_DEMO_NOT_REAL
16,11,1.0,0.555556,1.0,1.0,0.0,1.0,0.75,0.625,SYNTHETIC_DEMO_NOT_REAL
16,12,1.0,0.666667,1.0,1.0,1.0,0.0,0.75,0.625,SYNTHETIC_DEMO_NOT_REAL
16,13,1.0,0.333333,1.0,1.0,1.0,0.0,0.75,0.625,SYNTHETIC_DEMO_NOT_REAL
16,14,1.0,0.333333,1.0,1.0,1.0,1.0,0.75,0.625,SYNTHETIC_DEMO_NOT_REAL
16,15,1.0,0.583333,1.0,1.0,1.0,1.0,0.75,0.625,SYNTHETIC_DEMO_NOT_REAL
17,0,1.0,0.222222,0.0,0.0,0.0,0.0,0.75,0.625,SYNTHETIC_DEMO_NOT_REAL
17,1,1.0,0.416667,0.0,0.0,0.0,0.0,0.75,0.625,SYNTHETIC_DEMO_NOT_REAL
17,2,1.0,0.333333,0.0,0.0,0.0,1.0,0.75,0.625,SYNTHETIC_DEMO_NOT_REAL
17,3,1.0,0.364583,1.0,0.0,0.0,1.0,0.75,0.625,SYNTHETIC_DEMO_NOT_REAL
17,4,1.0,0.666667,0.0,0.0,1.0,0.0,0.75,0.625,SYNTHETIC_DEMO_NOT_REAL
17,5,1.0,0.666667,1.0,0.0,1.0,0.0,0.75,0.625,SYNTHETIC_DEMO_NOT_REAL
17,6,1.0,0.666667,1.0,0.0,1.0,1.0,0.75,0.625,SYNTHETIC_DEMO_NOT_REAL
17,7,1.0,0.444444,1.0,0.0,1.0,1.0,0.75,0.625,SYNTHETIC_DEMO_NOT_REAL
17,8,1.0,0.277778,1.0,1.0,0.0,0.0,0.75,0.625,SYNTHETIC_DEMO_NOT_REAL
17,9,1.0,0.666667,0.0,1.0,0.0,0.0,0.75,0.625,SYNTHETIC_DEMO_NOT_REAL
17,10,1.0,0.166667,1.0,1.0,0.0,1.0,0.75,0.625,SYNTHETIC_DEMO_NOT_REAL
17,11,1.0,0.555556,1.0,1.0,0.0,1.0,0.75,0.625,SYNTHETIC_DEMO_NOT_REAL
17,12,1.0,0.666667,1.0,1.0,1.0,0.0,0.75,0.625,SYNTHETIC_DEMO_NOT_REAL
17,13,1.0,0.333333,1.0,1.0,1.0,0.0,0.75,0.625,SYNTHETIC_DEMO_NOT_REAL
17,14,1.0,0.333333,1.0,1.0,1.0,1.0,0.75,0.625,SYNTHETIC_DEMO_NOT_REAL
17,15,1.0,0.583333,1.0,1.0,1.0,1.0,0.75,0.625,SYNTHETIC_DEMO_NOT_REAL
18,0,1.0,0.222222,0.0,0.0,0.0,0.0,0.5,0.25,SYNTHETIC_DEMO_NOT_REAL
18,1,1.0,0.416667,0.0,0.0,0.0,0.0,0.5,0.25,SYNTHETIC_DEMO_NOT_REAL
18,2,1.0,0.333333,0.0,0.0,0.0,1.0,0.5,0.25,SYNTHETIC_DEMO_NOT_REAL
18,3,1.0,0.364583,0.0,0.0,0.0,1.0,0.5,0.25,SYNTHETIC_DEMO_NOT_REAL
18,4,1.0,0.666667,1.0,0.0,1.0,0.0,0.5,0.25,SYNTHETIC_DEMO_NOT_REAL
18,5,1.0,0.666667,1.0,0.0,1.0,0.0,0.5,0.25,SYNTHETIC_DEMO_NOT_REAL
18,6,1.0,0.666667,1.0,0.0,1.0,1.0,0.5,0.25,SYNTHETIC_DEMO_NOT_REAL
18,7,1.0,0.444444,1.0,0.0,1.0,1.0,0.5,0.25,SYNTHETIC_DEMO_NOT_REAL
18,8,1.0,0.277778,1.0,1.0,0.0,0.0,0.5,0.25,SYNTHETIC_DEMO_NOT_REAL
18,9,1.0,0.666667,1.0,1.0,0.0,0.0,0.5,0.25,SYNTHETIC_DEMO_NOT_REAL
18,10,1.0,0.166667,0.0,1.0,0.0,1.0,0.5,0.25,SYNTHETIC_DEMO_NOT_REAL
18,11,1.0,0.555556,1.0,1.0,0.0,1.0,0.5,0.25,SYNTHETIC_DEMO_NOT_REAL
18,12,1.0,0.666667,1.0,1.0,1.0,0.0,0.5,0.25,SYNTHETIC_DEMO_NOT_REAL
18,13,1.0,0.333333,1.0,1.0,1.0,0.0,0.5,0.25,SYNTHETIC_DEMO_NOT_REAL
18,14,1.0,0.333333,1.0,1.0,1.0,1.0,0.5,0.25,SYNTHETIC_DEMO_NOT_REAL
18,15,1.0,0.583333,1.0,1.0,1.0,1.0,0.5,0.25,SYNTHETIC_DEMO_NOT_REAL
19,0,1.0,0.222222,0.0,0.0,0.0,0.0,0.5,0.75,SYNTHETIC_DEMO_NOT_REAL
19,2,1.0,0.333333,1.0,0.0,0.0,1.0,0.5,0.75,SYNTHETIC_DEMO_NOT_REAL
19,3,1.0,0.364583,0.0,0.0,0.0,1.0,0.5,0.75,SYNTHETIC_DEMO_NOT_REAL
19,4,1.0,0.666667,0.0,0.0,1.0,0.0,0.5,0.75,SYNTHETIC_DEMO_NOT_REAL
19,5,1.0,0.666667,0.0,0.0,1.0,0.0,0.5,0.75,SYNTHETIC_DEMO_NOT_REAL
19,6,1.0,0.666667,1.0,0.0,1.0,1.0,0.5,0.75,SYNTHETIC_DEMO_NOT_REAL
19,7,1.0,0.444444,1.0,0.0,1.0,1.0,0.5,0.75,SYNTHETIC_DEMO_NOT_REAL
19,8,1.0,0.277778,0.0,1.0,0.0,0.0,0.5,0.75,SYNTHETIC_DEMO_NOT_REAL
19,9,1.0,0.666667,1.0,1.0,0.0,0.0,0.5,0.75,SYNTHETIC_DEMO_NOT_REAL
19,10,1.0,0.166667,0.0,1.0,0.0,1.0,0.5,0.75,SYNTHETIC_DEMO_NOT_REAL
19,11,1.0,0.555556,0.0,1.0,0.0,1.0,0.5,0.75,SYNTHETIC_DEMO_NOT_REAL
19,12,1.0,0.666667,1.0,1.0,1.0,0.0,0.5,0.75,SYNTHETIC_DEMO_NOT_REAL
19,13,1.0,0.333333,1.0,1.0,1.0,0.0,0.5,0.75,SYNTHETIC_DEMO_NOT_REAL
19,14,1.0,0.333333,1.0,1.0,1.0,1.0,0.5,0.75,SYNTHETIC_DEMO_NOT_REAL
19,15,1.0,0.583333,1.0,1.0,1.0,1.0,0.5,0.75,SYNTHETIC_DEMO_NOT_REAL
20,0,1.0,0.222222,1.0,0.0,0.0,0.0,0.75,0.375,SYNTHETIC_DEMO_NOT_REAL
20,1,1.0,0.416667,0.0,0.0,0.0,0.0,0.75,0.375,SYNTHETIC_DEMO_NOT_REAL
20,2,1.0,0.333333,0.0,0.0,0.0,1.0,0.75,0.375,SYNTHETIC_DEMO_NOT_REAL
20,3,1.0,0.364583,0.0,0.0,0.0,1.0,0.75,0.375,SYNTHETIC_DEMO_NOT_REAL
20,4,1.0,0.666667,1.0,0.0,1.0,0.0,0.75,0.375,SYNTHETIC_DEMO_NOT_REAL
20,5,1.0,0.666667,1.0,0.0,1.0,0.0,0.75,0.375,SYNTHETIC_DEMO_NOT_REAL
20,6,1.0,0.666667,1.0,0.0,1.0,1.0,0.75,0.375,SYNTHETIC_DEMO_NOT_REAL
20,7,1.0,0.444444,0.0,0.0,1.0,1.0,0.75,0.375,SYNTHETIC_DEMO_NOT_REAL
20,8,1.0,0.277778,1.0,1.0,0.0,0.0,0.75,0.375,SYNTHETIC_DEMO_NOT_REAL
20,9,1.0,0.666667,0.0,1.0,0.0,0.0,0.75,0.375,SYNTHETIC_DEMO_NOT_REAL
20,10,1.0,0.166667,1.0,1.0,0.0,1.0,0.75,0.375,SYNTHETIC_DEMO_NOT_REAL
20,11,1.0,0.555556,1.0,1.0,0.0,1.0,0.75,0.375,SYNTHETIC_DEMO_NOT_REAL
20,12,1.0,0.666667,1.0,1.0,1.0,0.0,0.75,0.375,SYNTHETIC_DEMO_NOT_REAL
20,13,1.0,0.333333,1.0,1.0,1.0,0.0,0.75,0.375,SYNTHETIC_DEMO_NOT_REAL
20,14,1.0,0.333333,1.0,1.0,1.0,1.0,0.75,0.375,SYNTHETIC_DEMO_NOT_REAL
20,15,1.0,0.583333,1.0,1.0,1.0,1.0,0.75,0.375,SYNTHETIC_DEMO_NOT_REAL
21,0,1.0,0.222222,1.0,0.0,0.0,0.0,0.25,0.375,SYNTHETIC_DEMO_NOT_REAL
21,1,1.0,0.416667,0.0,0.0,0.0,0.0,0.25,0.375,SYNTHETIC_DEMO_NOT_REAL
21,2,1.0,0.333333,1.0,0.0,0.0,1.0,0.25,0.375,SYNTHETIC_DEMO_NOT_REAL
21,3,1.0,0.364583,1.0,0.0,0.0,1.0,0.25,0.375,SYNTHETIC_DEMO_NOT_REAL
21,4,1.0,0.666667,0.0,0.0,1.0,0.0,0.25,0.375,SYNTHETIC_DEMO_NOT_REAL
21,5,1.0,0.666667,1.0,0.0,1.0,0.0,0.25,0.375,SYNTHETIC_DEMO_NOT_REAL
21,6,1.0,0.666667,1.0,0.0,1.0,1.0,0.25,0.375,SYNTHETIC_DEMO_NOT_REAL
21,7,1.0,0.444444,1.0,0.0,1.0,1.0,0.25,0.375,SYNTHETIC_DEMO_NOT_REAL
21,8,1.0,0.277778,1.0,1.0,0.0,0.0,0.25,0.375,SYNTHETIC_DEMO_NOT_REAL
21,9,1.0,0.666667,1.0,1.0,0.0,0.0,0.25,0.375,SYNTHETIC_DEMO_NOT_REAL
21,10,1.0,0.166667,1.0,1.0,0.0,1.0,0.25,0.375,SYNTHETIC_DEMO_NOT_REAL
21,11,1.0,0.555556,0.0,1.0,0.0,1.0,0.25,0.375,SYNTHETIC_DEMO_NOT_REAL
21,12,1.0,0.666667,1.0,1.0,1.0,0.0,0.25,0.375,SYNTHETIC_DEMO_NOT_REAL
21,13,1.0,0.333333,1.0,1.0,1.0,0.0,0.25,0.375,SYNTHETIC_DEMO_NOT_REAL
21,14,1.0,0.333333,1.0,1.0,1.0,1.0,0.25,0.375,SYNTHETIC_DEMO_NOT_REAL
21,15,1.0,0.583333,1.0,1.0,1.0,1.0,0.25,0.375,SYNTHETIC_DEMO_NOT_REAL
22,0,1.0,0.222222,0.0,0.0,0.0,0.0,0.5,0.5,SYNTHETIC_DEMO_NOT_REAL
22,1,1.0,0.416667,1.0,0.0,0.0,0.0,0.5,0.5,SYNTHETIC_DEMO_NOT_REAL
22,2,1.0,0.333333,0.0,0.0,0.0,1.0,0.5,0.5,SYNTHETIC_DEMO_NOT_REAL
22,3,1.0,0.364583,1.0,0.0,0.0,1.0,0.5,0.5,SYNTHETIC_DEMO_NOT_REAL
22,4,1.0,0.666667,1.0,0.0,1.0,0.0,0.5,0.5,SYNTHETIC_DEMO_NOT_REAL
22,5,1.0,0.666667,1.0,0.0,1.0,0.0,0.5,0.5,SYNTHETIC_DEMO_NOT_REAL
22,6,1.0,0.666667,0.0,0.0,1.0,1.0,0.5,0.5,SYNTHETIC_DEMO_NOT_REAL
22,7,1.0,0.444444,1.0,0.0,1.0,1.0,0.5,0.5,SYNTHETIC_DEMO_NOT_REAL
22,8,1.0,0.277778,0.0,1.0,0.0,0.0,0.5,0.5,SYNTHETIC_DEMO_NOT_REAL
22,9,1.0,0.666667,0.0,1.0,0.0,0.0,0.5,0.5,SYNTHETIC_DEMO_NOT_REAL
22,10,1.0,0.166667,1.0,1.0,0.0,1.0,0.5,0.5,SYNTHETIC_DEMO_NOT_REAL
22,11,1.0,0.555556,1.0,1.0,0.0,1.0,0.5,0.5,SYNTHETIC_DEMO_NOT_REAL
22,12,1.0,0.666667,1.0,1.0,1.0,0.0,0.5,0.5,SYNTHETIC_DEMO_NOT_REAL
22,13,1.0,0.333333,1.0,1.0,1.0,0.0,0.5,0.5,SYNTHETIC_DEMO_NOT_REAL
22,14,1.0,0.333333,1.0,1.0,1.0,1.0,0.5,0.5,SYNTHETIC_DEMO_NOT_REAL
22,15,1.0,0.583333,1.0,1.0,1.0,1.0,0.5,0.5,SYNTHETIC_DEMO_NOT_REAL
23,0,1.0,0.222222,0.0,0.0,0.0,0.0,0.5,0.5,SYNTHETIC_DEMO_NOT_REAL
23,2,1.0,0.333333,0.0,0.0,0.0,1.0,0.5,0.5,SYNTHETIC_DEMO_NOT_REAL
23,3,1.0,0.364583,0.0,0.0,0.0,1.0,0.5,0.5,SYNTHETIC_DEMO_NOT_REAL
23,4,1.0,0.666667,0.0,0.0,1.0,0.0,0.5,0.5,SYNTHETIC_DEMO_NOT_REAL
23,5,1.0,0.666667,0.0,0.0,1.0,0.0,0.5,0.5,SYNTHETIC_DEMO_NOT_REAL
23,6,1.0,0.666667,0.0,0.0,1.0,1.0,0.5,0.5,SYNTHETIC_DEMO_NOT_REAL
23,7,1.0,0.444444,1.0,0.0,1.0,1.0,0.5,0.5,SYNTHETIC_DEMO_NOT_REAL
23,8,1.0,0.277778,0.0,1.0,0.0,0.0,0.5,0.5,SYNTHETIC_DEMO_NOT_REAL
23,9,1.0,0.666667,1.0,1.0,0.0,0.0,0.5,0.5,SYNTHETIC_DEMO_NOT_REAL
23,10,1.0,0.166667,0.0,1.0,0.0,1.0,0.5,0.5,SYNTHETIC_DEMO_NOT_REAL
23,11,1.0,0.555556,1.0,1.0,0.0,1.0,0.5,0.5,SYNTHETIC_DEMO_NOT_REAL
23,12,1.0,0.666667,1.0,1.0,1.0,0.0,0.5,0.5,SYNTHETIC_DEMO_NOT_REAL
23,13,1.0,0.333333,1.0,1.0,1.0,0.0,0.5,0.5,SYNTHETIC_DEMO_NOT_REAL
23,14,1.0,0.333333,1.0,1.0,1.0,1.0,0.5,0.5,SYNTHETIC_DEMO_NOT_REAL
23,15,1.0,0.583333,1.0,1.0,1.0,1.0,0.5,0.5,SYNTHETIC_DEMO_NOT_REAL
24,0,1.0,0.222222,0.0,0.0,0.0,0.0,0.25,0.375,SYNTHETIC_DEMO_NOT_REAL
24,2,1.0,0.333333,0.0,0.0,0.0,1.0,0.25,0.375,SYNTHETIC_DEMO_NOT_REAL
24,3,1.0,0.364583,0.0,0.0,0.0,1.0,0.25,0.375,SYNTHETIC_DEMO_NOT_REAL
24,4,1.0,0.666667,1.0,0.0,1.0,0.0,0.25,0.375,SYNTHETIC_DEMO_NOT_REAL
24,5,1.0,0.666667,0.0,0.0,1.0,0.0,0.25,0.375,SYNTHETIC_DEMO_NOT_REAL
24,6,1.0,0.666667,0.0,0.0,1.0,1.0,0.25,0.375,SYNTHETIC_DEMO_NOT_REAL
24,7,1.0,0.444444,1.0,0.0,1.0,1.0,0.25,0.375,SYNTHETIC_DEMO_NOT_REAL
24,8,1.0,0.277778,1.0,1.0,0.0,0.0,0.25,0.375,SYNTHETIC_DEMO_NOT_REAL
24,9,1.0,0.666667,0.0,1.0,0.0,0.0,0.25,0.375,SYNTHETIC_DEMO_NOT_REAL
24,10,1.0,0.166667,1.0,1.0,0.0,1.0,0.25,0.375,SYNTHETIC_DEMO_NOT_REAL
24,11,1.0,0.555556,0.0,1.0,0.0,1.0,0.25,0.375,SYNTHETIC_DEMO_NOT_REAL
24,12,1.0,0.666667,1.0,1.0,1.0,0.0,0.25,0.375,SYNTHETIC_DEMO_NOT_REAL
24,13,1.0,0.333333,1.0,1.0,1.0,0.0,0.25,0.375,SYNTHETIC_DEMO_NOT_REAL
24,14,1.0,0.333333,1.0,1.0,1.0,1.0,0.25,0.375,SYNTHETIC_DEMO_NOT_REAL
24,15,1.0,0.583333,1.0,1.0,1.0,1.0,0.25,0.375,SYNTHETIC_DEMO_NOT_REAL
25,0,1.0,0.222222,0.0,0.0,0.0,0.0,0.25,0.25,SYNTHETIC_DEMO_NOT_REAL
25,1,1.0,0.416667,0.0,0.0,0.0,0.0,0.25,0.25,SYNTHETIC_DEMO_NOT_REAL
25,2,1.0,0.333333,1.0,0.0,0.0,1.0,0.25,0.25,SYNTHETIC_DEMO_NOT_REAL
25,3,1.0,0.364583,0.0,0.0,0.0,1.0,0.25,0.25,SYNTHETIC_DEMO_NOT_REAL
25,4,1.0,0.666667,1.0,0.0,1.0,0.0,0.25,0.25,SYNTHETIC_DEMO_NOT_REAL
25,5,1.0,0.666667,1.0,0.0,1.0,0.0,0.25,0.25,SYNTHETIC_DEMO_NOT_REAL
25,6,1.0,0.666667,1.0,0.0,1.0,1.0,0.25,0.25,SYNTHETIC_DEMO_NOT_REAL
25,7,1.0,0.444444,1.0,0.0,1.0,1.0,0.25,0.25,SYNTHETIC_DEMO_NOT_REAL
25,8,1.0,0.277778,1.0,1.0,0.0,0.0,0.25,0.25,SYNTHETIC_DEMO_NOT_REAL
25,9,1.0,0.666667,1.0,1.0,0.0,0.0,0.25,0.25,SYNTHETIC_DEMO_NOT_REAL
25,10,1.0,0.166667,0.0,1.0,0.0,1.0,0.25,0.25,SYNTHETIC_DEMO_NOT_REAL
25,11,1.0,0.555556,0.0,1.0,0.0,1.0,0.25,0.25,SYNTHETIC_DEMO_NOT_REAL
25,12,1.0,0.666667,1.0,1.0,1.0,0.0,0.25,0.25,SYNTHETIC_DEMO_NOT_REAL
25,13,1.0,0.333333,1.0,1.0,1.0,0.0,0.25,0.25,SYNTHETIC_DEMO_NOT_REAL
25,14,1.0,0.333333,1.0,1.0,1.0,1.0,0.25,0.25,SYNTHETIC_DEMO_NOT_REAL
25,15,1.0,0.583333,1.0,1.0,1.0,1.0,0.25,0.25,SYNTHETIC_DEMO_NOT_REAL
26,0,1.0,0.222222,1.0,0.0,0.0,0.0,0.75,0.625,SYNTHETIC_DEMO_NOT_REAL
26,1,1.0,0.416667,0.0,0.0,0.0,0.0,0.75,0.625,SYNTHETIC_DEMO_NOT_REAL
26,2,1.0,0.333333,0.0,0.0,0.0,1.0,0.75,0.625,SYNTHETIC_DEMO_NOT_REAL
26,3,1.0,0.364583,0.0,0.0,0.0,1.0,0.75,0.625,SYNTHETIC_DEMO_NOT_REAL
26,4,1.0,0.666667,1.0,0.0,1.0,0.0,0.75,0.625,SYNTHETIC_DEMO_NOT_REAL
26,5,1.0,0.666667,1.0,0.0,1.0,0.0,0.75,0.625,SYNTHETIC_DEMO_NOT_REAL
26,6,1.0,0.666667,0.0,0.0,1.0,1.0,0.75,0.625,SYNTHETIC_DEMO_NOT_REAL
26,7,1.0,0.444444,1.0,0.0,1.0,1.0,0.75,0.625,SYNTHETIC_DEMO_NOT_REAL
26,8,1.0,0.277778,1.0,1.0,0.0,0.0,0.75,0.625,SYNTHETIC_DEMO_NOT_REAL
26,9,1.0,0.666667,1.0,1.0,0.0,0.0,0.75,0.625,SYNTHETIC_DEMO_NOT_REAL
26,10,1.0,0.166667,0.0,1.0,0.0,1.0,0.75,0.625,SYNTHETIC_DEMO_NOT_REAL
26,11,1.0,0.555556,1.0,1.0,0.0,1.0,0.75,0.625,SYNTHETIC_DEMO_NOT_REAL
26,12,1.0,0.666667,1.0,1.0,1.0,0.0,0.75,0.625,SYNTHETIC_DEMO_NOT_REAL
26,13,1.0,0.333333,1.0,1.0,1.0,0.0,0.75,0.625,SYNTHETIC_DEMO_NOT_REAL
26,14,1.0,0.333333,1.0,1.0,1.0,1.0,0.75,0.625,SYNTHETIC_DEMO_NOT_REAL
26,15,1.0,0.583333,0.0,1.0,1.0,1.0,0.75,0.625,SYNTHETIC_DEMO_NOT_REAL
27,0,1.0,0.222222,1.0,0.0,0.0,0.0,0.5,0.75,SYNTHETIC_DEMO_NOT_REAL
27,2,1.0,0.333333,0.0,0.0,0.0,1.0,0.5,0.75,SYNTHETIC_DEMO_NOT_REAL
27,3,1.0,0.364583,1.0,0.0,0.0,1.0,0.5,0.75,SYNTHETIC_DEMO_NOT_REAL
27,4,1.0,0.666667,1.0,0.0,1.0,0.0,0.5,0.75,SYNTHETIC_DEMO_NOT_REAL
27,5,1.0,0.666667,0.0,0.0,1.0,0.0,0.5,0.75,SYNTHETIC_DEMO_NOT_REAL
27,6,1.0,0.666667,0.0,0.0,1.0,1.0,0.5,0.75,SYNTHETIC_DEMO_NOT_REAL
27,7,1.0,0.444444,1.0,0.0,1.0,1.0,0.5,0.75,SYNTHETIC_DEMO_NOT_REAL
27,8,1.0,0.277778,1.0,1.0,0.0,0.0,0.5,0.75,SYNTHETIC_DEMO_NOT_REAL
27,9,1.0,0.666667,1.0,1.0,0.0,0.0,0.5,0.75,SYNTHETIC_DEMO_NOT_REAL
27,10,1.0,0.166667,1.0,1.0,0.0,1.0,0.5,0.75,SYNTHETIC_DEMO_NOT_REAL
27,11,1.0,0.555556,1.0,1.0,0.0,1.0,0.5,0.75,SYNTHETIC_DEMO_NOT_REAL
27,12,1.0,0.666667,1.0,1.0,1.0,0.0,0.5,0.75,SYNTHETIC_DEMO_NOT_REAL
27,13,1.0,0.333333,1.0,1.0,1.0,0.0,0.5,0.75,SYNTHETIC_DEMO_NOT_REAL
27,14,1.0,0.333333,1.0,1.0,1.0,1.0,0.5,0.75,SYNTHETIC_DEMO_NOT_REAL
27,15,1.0,0.583333,1.0,1.0,1.0,1.0,0.5,0.75,SYNTHETIC_DEMO_NOT_REAL
28,0,1.0,0.222222,1.0,0.0,0.0,0.0,0.5,0.625,SYNTHETIC_DEMO_NOT_REAL
28,1,1.0,0.416667,0.0,0.0,0.0,0.0,0.5,0.625,SYNTHETIC_DEMO_NOT_REAL
28,2,1.0,0.333333,0.0,0.0,0.0,1.0,0.5,0.625,SYNTHETIC_DEMO_NOT_REAL
28,3,1.0,0.364583,0.0,0.0,0.0,1.0,0.5,0.625,SYNTHETIC_DEMO_NOT_REAL
28,4,1.0,0.666667,0.0,0.0,1.0,0.0,0.5,0.625,SYNTHETIC_DEMO_NOT_REAL
28,5,1.0,0.666667,1.0,0.0,1.0,0.0,0.5,0.625,SYNTHETIC_DEMO_NOT_REAL
28,6,1.0,0.666667,1.0,0.0,1.0,1.0,0.5,0.625,SYNTHETIC_DEMO_NOT_REAL
28,7,1.0,0.444444,0.0,0.0,1.0,1.0,0.5,0.625,SYNTHETIC_DEMO_NOT_REAL
28,8,1.0,0.277778,0.0,1.0,0.0,0.0,0.5,0.625,SYNTHETIC_DEMO_NOT_REAL
28,9,1.0,0.666667,1.0,1.0,0.0,0.0,0.5,0.625,SYNTHETIC_DEMO_NOT_REAL
28,10,1.0,0.166667,1.0,1.0,0.0,1.0,0.5,0.625,SYNTHETIC_DEMO_NOT_REAL
28,11,1.0,0.555556,1.0,1.0,0.0,1.0,0.5,0.625,SYNTHETIC_DEMO_NOT_REAL
28,12,1.0,0.666667,1.0,1.0,1.0,0.0,0.5,0.625,SYNTHETIC_DEMO_NOT_REAL
28,13,1.0,0.333333,1.0,1.0,1.0,0.0,0.5,0.625,SYNTHETIC_DEMO_NOT_REAL
28,14,1.0,0.333333,1.0,1.0,1.0,1.0,0.5,0.625,SYNTHETIC_DEMO_NOT_REAL
28,15,1.0,0.583333,0.0,1.0,1.0,1.0,0.5,0.625,SYNTHETIC_DEMO_NOT_REAL
29,0,1.0,0.222222,0.0,0.0,0.0,0.0,0.5,0.75,SYNTHETIC_DEMO_NOT_REAL
29,2,1.0,0.333333,0.0,0.0,0.0,1.0,0.5,0.75,SYNTHETIC_DEMO_NOT_REAL
29,3,1.0,0.364583,0.0,0.0,0.0,1.0,0.5,0.75,SYNTHETIC_DEMO_NOT_REAL
29,4,1.0,0.666667,0.0,0.0,1.0,0.0,0.5,0.75,SYNTHETIC_DEMO_NOT_REAL
29,5,1.0,0.666667,1.0,0.0,1.0,0.0,0.5,0.75,SYNTHETIC_DEMO_NOT_REAL
29,6,1.0,0.666667,1.0,0.0,1.0,1.0,0.5,0.75,SYNTHETIC_DEMO_NOT_REAL
29,7,1.0,0.444444,0.0,0.0,1.0,1.0,0.5,0.75,SYNTHETIC_DEMO_NOT_REAL
29,8,1.0,0.277778,1.0,1.0,0.0,0.0,0.5,0.75,SYNTHETIC_DEMO_NOT_REAL
29,9,1.0,0.666667,0.0,1.0,0.0,0.0,0.5,0.75,SYNTHETIC_DEMO_NOT_REAL
29,10,1.0,0.166667,1.0,1.0,0.0,1.0,0.5,0.75,SYNTHETIC_DEMO_NOT_REAL
29,11,1.0,0.555556,1.0,1.0,0.0,1.0,0.5,0.75,SYNTHETIC_DEMO_NOT_REAL
29,12,1.0,0.666667,1.0,1.0,1.0,0.0,0.5,0.75,SYNTHETIC_DEMO_NOT_REAL
29,13,1.0,0.333333,1.0,1.0,1.0,0.0,0.5,0.75,SYNTHETIC_DEMO_NOT_REAL
29,14,1.0,0.333333,1.0,1.0,1.0,1.0,0.5,0.75,SYNTHETIC_DEMO_NOT_REAL
29,15,1.0,0.583333,1.0,1.0,1.0,1.0,0.5,0.75,SYNTHETIC_DEMO_NOT_REAL
30,0,1.0,0.222222,0.0,0.0,0.0,0.0,0.5,0.625,SYNTHETIC_DEMO_NOT_REAL
30,2,1.0,0.333333,0.0,0.0,0.0,1.0,0.5,0.625,SYNTHETIC_DEMO_NOT_REAL
30,3,1.0,0.364583,0.0,0.0,0.0,1.0,0.5,0.625,SYNTHETIC_DEMO_NOT_REAL
30,4,1.0,0.666667,1.0,0.0,1.0,0.0,0.5,0.625,SYNTHETIC_DEMO_NOT_REAL
30,5,1.0,0.666667,0.0,0.0,1.0,0.0,0.5,0.625,SYNTHETIC_DEMO_NOT_REAL
30,6,1.0,0.666667,1.0,0.0,1.0,1.0,0.5,0.625,SYNTHETIC_DEMO_NOT_REAL
30,7,1.0,0.444444,1.0,0.0,1.0,1.0,0.5,0.625,SYNTHETIC_DEMO_NOT_REAL
30,8,1.0,0.277778,0.0,1.0,0.0,0.0,0.5,0.625,SYNTHETIC_DEMO_NOT_REAL
30,9,1.0,0.666667,1.0,1.0,0.0,0.0,0.5,0.625,SYNTHETIC_DEMO_NOT_REAL
30,10,1.0,0.166667,0.0,1.0,0.0,1.0,0.5,0.625,SYNTHETIC_DEMO_NOT_REAL
30,11,1.0,0.555556,0.0,1.0,0.0,1.0,0.5,0.625,SYNTHETIC_DEMO_NOT_REAL
30,12,1.0,0.666667,1.0,1.0,1.0,0.0,0.5,0.625,SYNTHETIC_DEMO_NOT_REAL
30,13,1.0,0.333333,1.0,1.0,1.0,0.0,0.5,0.625,SYNTHETIC_DEMO_NOT_REAL
30,14,1.0,0.333333,1.0,1.0,1.0,1.0,0.5,0.625,SYNTHETIC_DEMO_NOT_REAL
30,15,1.0,0.583333,1.0,1.0,1.0,1.0,0.5,0.625,SYNTHETIC_DEMO_NOT_REAL
31,0,1.0,0.222222,0.0,0.0,0.0,0.0,0.5,0.875,SYNTHETIC_DEMO_NOT_REAL
31,2,1.0,0.333333,0.0,0.0,0.0,1.0,0.5,0.875,SYNTHETIC_DEMO_NOT_REAL
31,3,1.0,0.364583,0.0,0.0,0.0,1.0,0.5,0.875,SYNTHETIC_DEMO_NOT_REAL
31,4,1.0,0.666667,1.0,0.0,1.0,0.0,0.5,0.875,SYNTHETIC_DEMO_NOT_REAL
31,5,1.0,0.666667,1.0,0.0,1.0,0.0,0.5,0.875,SYNTHETIC_DEMO_NOT_REAL
31,6,1.0,0.666667,0.0,0.0,1.0,1.0,0.5,0.875,SYNTHETIC_DEMO_NOT_REAL
31,7,1.0,0.444444,1.0,0.0,1.0,1.0,0.5,0.875,SYNTHETIC_DEMO_NOT_REAL
31,8,1.0,0.277778,1.0,1.0,0.0,0.0,0.5,0.875,SYNTHETIC_DEMO_NOT_REAL
31,9,1.0,0.666667,1.0,1.0,0.0,0.0,0.5,0.875,SYNTHETIC_DEMO_NOT_REAL
31,10,1.0,0.166667,1.0,1.0,0.0,1.0,0.5,0.875,SYNTHETIC_DEMO_NOT_REAL
31,11,1.0,0.555556,0.0,1.0,0.0,1.0,0.5,0.875,SYNTHETIC_DEMO_NOT_REAL
31,12,1.0,0.666667,1.0,1.0,1.0,0.0,0.5,0.875,SYNTHETIC_DEMO_NOT_REAL
31,13,1.0,0.333333,1.0,1.0,1.0,0.0,0.5,0.875,SYNTHETIC_DEMO_NOT_REAL
31,14,1.0,0.333333,1.0,1.0,1.0,1.0,0.5,0.875,SYNTHETIC_DEMO_NOT_REAL
31,15,1.0,0.583333,1.0,1.0,1.0,1.0,0.5,0.875,SYNTHETIC_DEMO_NOT_REAL
32,0,1.0,0.222222,0.0,0.0,0.0,0.0,0.5,0.5,SYNTHETIC_DEMO_NOT_REAL
32,2,1.0,0.333333,0.0,0.0,0.0,1.0,0.5,0.5,SYNTHETIC_DEMO_NOT_REAL
32,3,1.0,0.364583,0.0,0.0,0.0,1.0,0.5,0.5,SYNTHETIC_DEMO_NOT_REAL
32,4,1.0,0.666667,1.0,0.0,1.0,0.0,0.5,0.5,SYNTHETIC_DEMO_NOT_REAL
32,5,1.0,0.666667,1.0,0.0,1.0,0.0,0.5,0.5,SYNTHETIC_DEMO_NOT_REAL
32,6,1.0,0.666667,0.0,0.0,1.0,1.0,0.5,0.5,SYNTHETIC_DEMO_NOT_REAL
32,7,1.0,0.444444,1.0,0.0,1.0,1.0,0.5,0.5,SYNTHETIC_DEMO_NOT_REAL
32,8,1.0,0.277778,1.0,1.0,0.0,0.0,0.5,0.5,SYNTHETIC_DEMO_NOT_REAL
32,9,1.0,0.666667,0.0,1.0,0.0,0.0,0.5,0.5,SYNTHETIC_DEMO_NOT_REAL
32,10,1.0,0.166667,0.0,1.0,0.0,1.0,0.5,0.5,SYNTHETIC_DEMO_NOT_REAL
32,11,1.0,0.555556,0.0,1.0,0.0,1.0,0.5,0.5,SYNTHETIC_DEMO_NOT_REAL
32,12,1.0,0.666667,0.0,1.0,1.0,0.0,0.5,0.5,SYNTHETIC_DEMO_NOT_REAL
32,13,1.0,0.333333,1.0,1.0,1.0,0.0,0.5,0.5,SYNTHETIC_DEMO_NOT_REAL
32,14,1.0,0.333333,1.0,1.0,1.0,1.0,0.5,0.5,SYNTHETIC_DEMO_NOT_REAL
32,15,1.0,0.583333,1.0,1.0,1.0,1.0,0.5,0.5,SYNTHETIC_DEMO_NOT_REAL
33,0,1.0,0.222222,0.0,0.0,0.0,0.0,0.75,0.5,SYNTHETIC_DEMO_NOT_REAL
33,1,1.0,0.416667,1.0,0.0,0.0,0.0,0.75,0.5,SYNTHETIC_DEMO_NOT_REAL
33,2,1.0,0.333333,0.0,0.0,0.0,1.0,0.75,0.5,SYNTHETIC_DEMO_NOT_REAL
33,3,1.0,0.364583,1.0,0.0,0.0,1.0,0.75,0.5,SYNTHETIC_DEMO_NOT_REAL
33,4,1.0,0.666667,1.0,0.0,1.0,0.0,0.75,0.5,SYNTHETIC_DEMO_NOT_REAL
33,5,1.0,0.666667,0.0,0.0,1.0,0.0,0.75,0.5,SYNTHETIC_DEMO_NOT_REAL
33,6,1.0,0.666667,1.0,0.0,1.0,1.0,0.75,0.5,SYNTHETIC_DEMO_NOT_REAL
33,7,1.0,0.444444,1.0,0.0,1.0,1.0,0.75,0.5,SYNTHETIC_DEMO_NOT_REAL
33,8,1.0,0.277778,1.0,1.0,0.0,0.0,0.75,0.5,SYNTHETIC_DEMO_NOT_REAL
33,9,1.0,0.666667,1.0,1.0,0.0,0.0,0.75,0.5,SYNTHETIC_DEMO_NOT_REAL
33,10,1.0,0.166667,1.0,1.0,0.0,1.0,0.75,0.5,SYNTHETIC_DEMO_NOT_REAL
33,11,1.0,0.555556,1.0,1.0,0.0,1.0,0.75,0.5,SYNTHETIC_DEMO_NOT_REAL
33,12,1.0,0.666667,1.0,1.0,1.0,0.0,0.75,0.5,SYNTHETIC_DEMO_NOT_REAL
33,13,1.0,0.333333,1.0,1.0,1.0,0.0,0.75,0.5,SYNTHETIC_DEMO_NOT_REAL
33,14,1.0,0.333333,1.0,1.0,1.0,1.0,0.75,0.5,SYNTHETIC_DEMO_NOT_REAL
33,15,1.0,0.583333,1.0,1.0,1.0,1.0,0.75,0.5,SYNTHETIC_DEMO_NOT_REAL
34,0,1.0,0.222222,0.0,0.0,0.0,0.0,0.5,1.0,SYNTHETIC_DEMO_NOT_REAL
34,1,1.0,0.416667,0.0,0.0,0.0,0.0,0.5,1.0,SYNTHETIC_DEMO_NOT_REAL
34,2,1.0,0.333333,0.0,0.0,0.0,1.0,0.5,1.0,SYNTHETIC_DEMO_NOT_REAL
34,3,1.0,0.364583,0.0,0.0,0.0,1.0,0.5,1.0,SYNTHETIC_DEMO_NOT_REAL
34,4,1.0,0.666667,1.0,0.0,1.0,0.0,0.5,1.0,SYNTHETIC_DEMO_NOT_REAL
34,5,1.0,0.666667,0.0,0.0,1.0,0.0,0.5,1.0,SYNTHETIC_DEMO_NOT_REAL
34,6,1.0,0.666667,0.0,0.0,1.0,1.0,0.5,1.0,SYNTHETIC_DEMO_NOT_REAL
34,7,1.0,0.444444,1.0,0.0,1.0,1.0,0.5,1.0,SYNTHETIC_DEMO_NOT_REAL
34,8,1.0,0.277778,1.0,1.0,0.0,0.0,0.5,1.0,SYNTHETIC_DEMO_NOT_REAL
34,9,1.0,0.666667,1.0,1.0,0.0,0.0,0.5,1.0,SYNTHETIC_DEMO_NOT_REAL
34,10,1.0,0.166667,1.0,1.0,0.0,1.0,0.5,1.0,SYNTHETIC_DEMO_NOT_REAL
34,11,1.0,0.555556,1.0,1.0,0.0,1.0,0.5,1.0,SYNTHETIC_DEMO_NOT_REAL
34,12,1.0,0.666667,0.0,1.0,1.0,0.0,0.5,1.0,SYNTHETIC_DEMO_NOT_REAL
34,13,1.0,0.333333,1.0,1.0,1.0,0.0,0.5,1.0,SYNTHETIC_DEMO_NOT_REAL
34,14,1.0,0.333333,1.0,1.0,1.0,1.0,0.5,1.0,SYNTHETIC_DEMO_NOT_REAL
34,15,1.0,0.583333,1.0,1.0,1.0,1.0,0.5,1.0,SYNTHETIC_DEMO_NOT_REAL
35,0,1.0,0.222222,0.0,0.0,0.0,0.0,0.25,0.25,SYNTHETIC_DEMO_NOT_REAL
35,2,1.0,0.333333,0.0,0.0,0.0,1.0,0.25,0.25,SYNTHETIC_DEMO_NOT_REAL
35,3,1.0,0.364583,1.0,0.0,0.0,1.0,0.25,0.25,SYNTHETIC_DEMO_NOT_REAL
35,4,1.0,0.666667,0.0,0.0,1.0,0.0,0.25,0.25,SYNTHETIC_DEMO_NOT_REAL
35,5,1.0,0.666667,0.0,0.0,1.0,0.0,0.25,0.25,SYNTHETIC_DEMO_NOT_REAL
35,6,1.0,0.666667,1.0,0.0,1.0,1.0,0.25,0.25,SYNTHETIC_DEMO_NOT_REAL
35,7,1.0,0.444444,1.0,0.0,1.0,1.0,0.25,0.25,SYNTHETIC_DEMO_NOT_REAL
35,8,1.0,0.277778,1.0,1.0,0.0,0.0,0.25,0.25,SYNTHETIC_DEMO_NOT_REAL
35,9,1.0,0.666667,1.0,1.0,0.0,0.0,0.25,0.25,SYNTHETIC_DEMO_NOT_REAL
35,10,1.0,0.166667,1.0,1.0,0.0,1.0,0.25,0.25,SYNTHETIC_DEMO_NOT_REAL
35,11,1.0,0.555556,0.0,1.0,0.0,1.0,0.25,0.25,SYNTHETIC_DEMO_NOT_REAL
35,12,1.0,0.666667,1.0,1.0,1.0,0.0,0.25,0.25,SYNTHETIC_DEMO_NOT_REAL
35,13,1.0,0.333333,1.0,1.0,1.0,0.0,0.25,0.25,SYNTHETIC_DEMO_NOT_REAL
35,14,1.0,0.333333,1.0,1.0,1.0,1.0,0.25,0.25,SYNTHETIC_DEMO_NOT_REAL
35,15,1.0,0.583333,1.0,1.0,1.0,1.0,0.25,0.25,SYNTHETIC_DEMO_NOT_REAL
36,0,1.0,0.222222,0.0,0.0,0.0,0.0,0.5,1.0,SYNTHETIC_DEMO_NOT_REAL
36,1,1.0,0.416667,1.0,0.0,0.0,0.0,0.5,1.0,SYNTHETIC_DEMO_NOT_REAL
36,2,1.0,0.333333,0.0,0.0,0.0,1.0,0.5,1.0,SYNTHETIC_DEMO_NOT_REAL
36,3,1.0,0.364583,0.0,0.0,0.0,1.0,0.5,1.0,SYNTHETIC_DEMO_NOT_REAL
36,4,1.0,0.666667,1.0,0.0,1.0,0.0,0.5,1.0,SYNTHETIC_DEMO_NOT_REAL
36,5,1.0,0.666667,0.0,0.0,1.0,0.0,0.5,1.0,SYNTHETIC_DEMO_NOT_REAL
36,6,1.0,0.666667,0.0,0.0,1.0,1.0,0.5,1.0,SYNTHETIC_DEMO_NOT_REAL
36,7,1.0,0.444444,1.0,0.0,1.0,1.0,0.5,1.0,SYNTHETIC_DEMO_NOT_REAL
36,8,1.0,0.277778,1.0,1.0,0.0,0.0,0.5,1.0,SYNTHETIC_DEMO_NOT_REAL
36,9,1.0,0.666667,0.0,1.0,0.0,0.0,0.5,1.0,SYNTHETIC_DEMO_NOT_REAL
36,10,1.0,0.166667,0.0,1.0,0.0,1.0,0.5,1.0,SYNTHETIC_DEMO_NOT_REAL
36,11,1.0,0.555556,0.0,1.0,0.0,1.0,0.5,1.0,SYNTHETIC_DEMO_NOT_REAL
36,12,1.0,0.666667,1.0,1.0,1.0,0.0,0.5,1.0,SYNTHETIC_DEMO_NOT_REAL
36,13,1.0,0.333333,1.0,1.0,1.0,0.0,0.5,1.0,SYNTHETIC_DEMO_NOT_REAL
36,14,1.0,0.333333,1.0,1.0,1.0,1.0,0.5,1.0,SYNTHETIC_DEMO_NOT_REAL
36,15,1.0,0.583333,1.0,1.0,1.0,1.0,0.5,1.0,SYNTHETIC_DEMO_NOT_REAL
37,0,1.0,0.222222,0.0,0.0,0.0,0.0,0.25,0.5,SYNTHETIC_DEMO_NOT_REAL
37,1,1.0,0.416667,0.0,0.0,0.0,0.0,0.25,0.5,SYNTHETIC_DEMO_NOT_REAL
37,2,1.0,0.333333,0.0,0.0,0.0,1.0,0.25,0.5,SYNTHETIC_DEMO_NOT_REAL
37,3,1.0,0.364583,0.0,0.0,0.0,1.0,0.25,0.5,SYNTHETIC_DEMO_NOT_REAL
37,4,1.0,0.666667,0.0,0.0,1.0,0.0,0.25,0.5,SYNTHETIC_DEMO_NOT_REAL
37,5,1.0,0.666667,0.0,0.0,1.0,0.0,0.25,0.5,SYNTHETIC_DEMO_NOT_REAL
37,6,1.0,0.666667,0.0,0.0,1.0,1.0,0.25,0.5,SYNTHETIC_DEMO_NOT_REAL
37,7,1.0,0.444444,1.0,0.0,1.0,1.0,0.25,0.5,SYNTHETIC_DEMO_NOT_REAL
37,8,1.0,0.277778,1.0,1.0,0.0,0.0,0.25,0.5,SYNTHETIC_DEMO_NOT_REAL
37,9,1.0,0.666667,1.0,1.0,0.0,0.0,0.25,0.5,SYNTHETIC_DEMO_NOT_REAL
37,10,1.0,0.166667,0.0,1.0,0.0,1.0,0.25,0.5,SYNTHETIC_DEMO_NOT_REAL
37,11,1.0,0.555556,1.0,1.0,0.0,1.0,0.25,0.5,SYNTHETIC_DEMO_NOT_REAL
37,12,1.0,0.666667,0.0,1.0,1.0,0.0,0.25,0.5,SYNTHETIC_DEMO_NOT_REAL
37,13,1.0,0.333333,1.0,1.0,1.0,0.0,0.25,0.5,SYNTHETIC_DEMO_NOT_REAL
37,14,1.0,0.333333,1.0,1.0,1.0,1.0,0.25,0.5,SYNTHETIC_DEMO_NOT_REAL
37,15,1.0,0.583333,1.0,1.0,1.0,1.0,0.25,0.5,SYNTHETIC_DEMO_NOT_REAL
38,0,1.0,0.222222,0.0,0.0,0.0,0.0,0.5,0.5,SYNTHETIC_DEMO_NOT_REAL
38,1,1.0,0.416667,0.0,0.0,0.0,0.0,0.5,0.5,SYNTHETIC_DEMO_NOT_REAL
38,2,1.0,0.333333,0.0,0.0,0.0,1.0,0.5,0.5,SYNTHETIC_DEMO_NOT_REAL
38,3,1.0,0.364583,0.0,0.0,0.0,1.0,0.5,0.5,SYNTHETIC_DEMO_NOT_REAL
38,4,1.0,0.666667,0.0,0.0,1.0,0.0,0.5,0.5,SYNTHETIC_DEMO_NOT_REAL
38,5,1.0,0.666667,1.0,0.0,1.0,0.0,0.5,0.5,SYNTHETIC_DEMO_NOT_REAL
38,6,1.0,0.666667,0.0,0.0,1.0,1.0,0.5,0.5,SYNTHETIC_DEMO_NOT_REAL
38,7,1.0,0.444444,1.0,0.0,1.0,1.0,0.5,0.5,SYNTHETIC_DEMO_NOT_REAL
38,8,1.0,0.277778,1.0,1.0,0.0,0.0,0.5,0.5,SYNTHETIC_DEMO_NOT_REAL
38,9,1.0,0.666667,1.0,1.0,0.0,0.0,0.5,0.5,SYNTHETIC_DEMO_NOT_REAL
38,10,1.0,0.166667,1.0,1.0,0.0,1.0,0.5,0.5,SYNTHETIC_DEMO_NOT_REAL
38,11,1.0,0.555556,1.0,1.0,0.0,1.0,0.5,0.5,SYNTHETIC_DEMO_NOT_REAL
38,12,1.0,0.666667,1.0,1.0,1.0,0.0,0.5,0.5,SYNTHETIC_DEMO_NOT_REAL
38,13,1.0,0.333333,1.0,1.0,1.0,0.0,0.5,0.5,SYNTHETIC_DEMO_NOT_REAL
38,14,1.0,0.333333,1.0,1.0,1.0,1.0,0.5,0.5,SYNTHETIC_DEMO_NOT_REAL
38,15,1.0,0.583333,1.0,1.0,1.0,1.0,0.5,0.5,SYNTHETIC_DEMO_NOT_REAL
39,0,1.0,0.222222,0.0,0.0,0.0,0.0,1.0,0.75,SYNTHETIC_DEMO_NOT_REAL
39,1,1.0,0.416667,0.0,0.0,0.0,0.0,1.0,0.75,SYNTHETIC_DEMO_NOT_REAL
39,2,1.0,0.333333,0.0,0.0,0.0,1.0,1.0,0.75,SYNTHETIC_DEMO_NOT_REAL
39,3,1.0,0.364583,0.0,0.0,0.0,1.0,1.0,0.75,SYNTHETIC_DEMO_NOT_REAL
39,4,1.0,0.666667,1.0,0.0,1.0,0.0,1.0,0.75,SYNTHETIC_DEMO_NOT_REAL
39,5,1.0,0.666667,0.0,0.0,1.0,0.0,1.0,0.75,SYNTHETIC_DEMO_NOT_REAL
39,6,1.0,0.666667,0.0,0.0,1.0,1.0,1.0,0.75,SYNTHETIC_DEMO_NOT_REAL
39,7,1.0,0.444444,1.0,0.0,1.0,1.0,1.0,0.75,SYNTHETIC_DEMO_NOT_REAL
39,8,1.0,0.277778,1.0,1.0,0.0,0.0,1.0,0.75,SYNTHETIC_DEMO_NOT_REAL
39,9,1.0,0.666667,1.0,1.0,0.0,0.0,1.0,0.75,SYNTHETIC_DEMO_NOT_REAL
39,10,1.0,0.166667,1.0,1.0,0.0,1.0,1.0,0.75,SYNTHETIC_DEMO_NOT_REAL
39,11,1.0,0.555556,1.0,1.0,0.0,1.0,1.0,0.75,SYNTHETIC_DEMO_NOT_REAL
39,12,1.0,0.666667,1.0,1.0,1.0,0.0,1.0,0.75,SYNTHETIC_DEMO_NOT_REAL
39,13,1.0,0.333333,1.0,1.0,1.0,0.0,1.0,0.75,SYNTHETIC_DEMO_NOT_REAL
39,14,1.0,0.333333,1.0,1.0,1.0,1.0,1.0,0.75,SYNTHETIC_DEMO_NOT_REAL
39,15,1.0,0.583333,1.0,1.0,1.0,1.0,1.0,0.75,SYNTHETIC_DEMO_NOT_REAL
40,0,1.0,0.222222,0.0,0.0,0.0,0.0,0.5,0.75,SYNTHETIC_DEMO_NOT_REAL
40,1,1.0,0.416667,0.0,0.0,0.0,0.0,0.5,0.75,SYNTHETIC_DEMO_NOT_REAL
40,2,1.0,0.333333,0.0,0.0,0.0,1.0,0.5,0.75,SYNTHETIC_DEMO_NOT_REAL
40,3,1.0,0.364583,0.0,0.0,0.0,1.0,0.5,0.75,SYNTHETIC_DEMO_NOT_REAL
40,4,1.0,0.666667,1.0,0.0,1.0,0.0,0.5,0.75,SYNTHETIC_DEMO_NOT_REAL
40,5,1.0,0.666667,1.0,0.0,1.0,0.0,0.5,0.75,SYNTHETIC_DEMO_NOT_REAL
40,6,1.0,0.666667,0.0,0.0,1.0,1.0,0.5,0.75,SYNTHETIC_DEMO_NOT_REAL
40,7,1.0,0.444444,0.0,0.0,1.0,1.0,0.5,0.75,SYNTHETIC_DEMO_NOT_REAL
40,8,1.0,0.277778,1.0,1.0,0.0,0.0,0.5,0.75,SYNTHETIC_DEMO_NOT_REAL
40,9,1.0,0.666667,1.0,1.0,0.0,0.0,0.5,0.75,SYNTHETIC_DEMO_NOT_REAL
40,10,1.0,0.166667,1.0,1.0,0.0,1.0,0.5,0.75,SYNTHETIC_DEMO_NOT_REAL
40,11,1.0,0.555556,0.0,1.0,0.0,1.0,0.5,0.75,SYNTHETIC_DEMO_NOT_REAL
40,12,1.0,0.666667,1.0,1.0,1.0,0.0,0.5,0.75,SYNTHETIC_DEMO_NOT_REAL
40,13,1.0,0.333333,1.0,1.0,1.0,0.0,0.5,0.75,SYNTHETIC_DEMO_NOT_REAL
40,14,1.0,0.333333,1.0,1.0,1.0,1.0,0.5,0.75,SYNTHETIC_DEMO_NOT_REAL
40,15,1.0,0.583333,1.0,1.0,1.0,1.0,0.5,0.75,SYNTHETIC_DEMO_NOT_REAL
41,0,1.0,0.222222,0.0,0.0,0.0,0.0,0.0,0.375,SYNTHETIC_DEMO_NOT_REAL
41,1,1.0,0.416667,0.0,0.0,0.0,0.0,0.0,0.375,SYNTHETIC_DEMO_NOT_REAL
41,2,1.0,0.333333,0.0,0.0,0.0,1.0,0.0,0.375,SYNTHETIC_DEMO_NOT_REAL
41,3,1.0,0.364583,0.0,0.0,0.0,1.0,0.0,0.375,SYNTHETIC_DEMO_NOT_REAL
41,4,1.0,0.666667,0.0,0.0,1.0,0.0,0.0,0.375,SYNTHETIC_DEMO_NOT_REAL
41,5,1.0,0.666667,0.0,0.0,1.0,0.0,0.0,0.375,SYNTHETIC_DEMO_NOT_REAL
41,6,1.0,0.666667,1.0,0.0,1.0,1.0,0.0,0.375,SYNTHETIC_DEMO_NOT_REAL
41,7,1.0,0.444444,0.0,0.0,1.0,1.0,0.0,0.375,SYNTHETIC_DEMO_NOT_REAL
41,8,1.0,0.277778,1.0,1.0,0.0,0.0,0.0,0.375,SYNTHETIC_DEMO_NOT_REAL
41,9,1.0,0.666667,1.0,1.0,0.0,0.0,0.0,0.375,SYNTHETIC_DEMO_NOT_REAL
41,10,1.0,0.166667,1.0,1.0,0.0,1.0,0.0,0.375,SYNTHETIC_DEMO_NOT_REAL
41,11,1.0,0.555556,0.0,1.0,0.0,1.0,0.0,0.375,SYNTHETIC_DEMO_NOT_REAL
41,12,1.0,0.666667,0.0,1.0,1.0,0.0,0.0,0.375,SYNTHETIC_DEMO_NOT_REAL
41,13,1.0,0.333333,1.0,1.0,1.0,0.0,0.0,0.375,SYNTHETIC_DEMO_NOT_REAL
41,14,1.0,0.333333,1.0,1.0,1.0,1.0,0.0,0.375,SYNTHETIC_DEMO_NOT_REAL
41,15,1.0,0.583333,1.0,1.0,1.0,1.0,0.0,0.375,SYNTHETIC_DEMO_NOT_REAL
42,0,1.0,0.222222,0.0,0.0,0.0,0.0,0.5,0.625,SYNTHETIC_DEMO_NOT_REAL
42,2,1.0,0.333333,0.0,0.0,0.0,1.0,0.5,0.625,SYNTHETIC_DEMO_NOT_REAL
42,3,1.0,0.364583,0.0,0.0,0.0,1.0,0.5,0.625,SYNTHETIC_DEMO_NOT_REAL
42,4,1.0,0.666667,0.0,0.0,1.0,0.0,0.5,0.625,SYNTHETIC_DEMO_NOT_REAL
42,5,1.0,0.666667,1.0,0.0,1.0,0.0,0.5,0.625,SYNTHETIC_DEMO_NOT_REAL
42,6,1.0,0.666667,0.0,0.0,1.0,1.0,0.5,0.625,SYNTHETIC_DEMO_NOT_REAL
42,7,1.0,0.444444,0.0,0.0,1.0,1.0,0.5,0.625,SYNTHETIC_DEMO_NOT_REAL
42,8,1.0,0.277778,1.0,1.0,0.0,0.0,0.5,0.625,SYNTHETIC_DEMO_NOT_REAL
42,9,1.0,0.666667,0.0,1.0,0.0,0.0,0.5,0.625,SYNTHETIC_DEMO_NOT_REAL
42,10,1.0,0.166667,1.0,1.0,0.0,1.0,0.5,0.625,SYNTHETIC_DEMO_NOT_REAL
42,11,1.0,0.555556,0.0,1.0,0.0,1.0,0.5,0.625,SYNTHETIC_DEMO_NOT_REAL
42,12,1.0,0.666667,1.0,1.0,1.0,0.0,0.5,0.625,SYNTHETIC_DEMO_NOT_REAL
42,13,1.0,0.333333,1.0,1.0,1.0,0.0,0.5,0.625,SYNTHETIC_DEMO_NOT_REAL
42,14,1.0,0.333333,1.0,1.0,1.0,1.0,0.5,0.625,SYNTHETIC_DEMO_NOT_REAL
42,15,1.0,0.583333,1.0,1.0,1.0,1.0,0.5,0.625,SYNTHETIC_DEMO_NOT_REAL
43,0,1.0,0.222222,1.0,0.0,0.0,0.0,0.5,0.5,SYNTHETIC_DEMO_NOT_REAL
43,1,1.0,0.416667,0.0,0.0,0.0,0.0,0.5,0.5,SYNTHETIC_DEMO_NOT_REAL
43,2,1.0,0.333333,0.0,0.0,0.0,1.0,0.5,0.5,SYNTHETIC_DEMO_NOT_REAL
43,3,1.0,0.364583,0.0,0.0,0.0,1.0,0.5,0.5,SYNTHETIC_DEMO_NOT_REAL
43,4,1.0,0.666667,1.0,0.0,1.0,0.0,0.5,0.5,SYNTHETIC_DEMO_NOT_REAL
43,5,1.0,0.666667,0.0,0.0,1.0,0.0,0.5,0.5,SYNTHETIC_DEMO_NOT_REAL
43,6,1.0,0.666667,0.0,0.0,1.0,1.0,0.5,0.5,SYNTHETIC_DEMO_NOT_REAL
43,7,1.0,0.444444,0.0,0.0,1.0,1.0,0.5,0.5,SYNTHETIC_DEMO_NOT_REAL
43,8,1.0,0.277778,1.0,1.0,0.0,0.0,0.5,0.5,SYNTHETIC_DEMO_NOT_REAL
43,9,1.0,0.666667,0.0,1.0,0.0,0.0,0.5,0.5,SYNTHETIC_DEMO_NOT_REAL
43,10,1.0,0.166667,1.0,1.0,0.0,1.0,0.5,0.5,SYNTHETIC_DEMO_NOT_REAL
43,11,1.0,0.555556,0.0,1.0,0.0,1.0,0.5,0.5,SYNTHETIC_DEMO_NOT_REAL
43,12,1.0,0.666667,1.0,1.0,1.0,0.0,0.5,0.5,SYNTHETIC_DEMO_NOT_REAL
43,13,1.0,0.333333,1.0,1.0,1.0,0.0,0.5,0.5,SYNTHETIC_DEMO_NOT_REAL
43,14,1.0,0.333333,1.0,1.0,1.0,1.0,0.5,0.5,SYNTHETIC_DEMO_NOT_REAL
43,15,1.0,0.583333,1.0,1.0,1.0,1.0,0.5,0.5,SYNTHETIC_DEMO_NOT_REAL
44,0,1.0,0.222222,0.0,0.0,0.0,0.0,0.75,0.625,SYNTHETIC_DEMO_NOT_REAL
44,2,1.0,0.333333,0.0,0.0,0.0,1.0,0.75,0.625,SYNTHETIC_DEMO_NOT_REAL
44,3,1.0,0.364583,0.0,0.0,0.0,1.0,0.75,0.625,SYNTHETIC_DEMO_NOT_REAL
44,4,1.0,0.666667,1.0,0.0,1.0,0.0,0.75,0.625,SYNTHETIC_DEMO_NOT_REAL
44,5,1.0,0.666667,1.0,0.0,1.0,0.0,0.75,0.625,SYNTHETIC_DEMO_NOT_REAL
44,6,1.0,0.666667,0.0,0.0,1.0,1.0,0.75,0.625,SYNTHETIC_DEMO_NOT_REAL
44,7,1.0,0.444444,1.0,0.0,1.0,1.0,0.75,0.625,SYNTHETIC_DEMO_NOT_REAL
44,8,1.0,0.277778,1.0,1.0,0.0,0.0,0.75,0.625,SYNTHETIC_DEMO_NOT_REAL
44,9,1.0,0.666667,0.0,1.0,0.0,0.0,0.75,0.625,SYNTHETIC_DEMO_NOT_REAL
44,10,1.0,0.166667,1.0,1.0,0.0,1.0,0.75,0.625,SYNTHETIC_DEMO_NOT_REAL
44,11,1.0,0.555556,0.0,1.0,0.0,1.0,0.75,0.625,SYNTHETIC_DEMO_NOT_REAL
44,12,1.0,0.666667,1.0,1.0,1.0,0.0,0.75,0.625,SYNTHETIC_DEMO_NOT_REAL
44,13,1.0,0.333333,1.0,1.0,1.0,0.0,0.75,0.625,SYNTHETIC_DEMO_NOT_REAL
44,14,1.0,0.333333,1.0,1.0,1.0,1.0,0.75,0.625,SYNTHETIC_DEMO_NOT_REAL
44,15,1.0,0.583333,1.0,1.0,1.0,1.0,0.75,0.625,SYNTHETIC_DEMO_NOT_REAL
45,0,1.0,0.222222,0.0,0.0,0.0,0.0,0.5,0.75,SYNTHETIC_DEMO_NOT_REAL
45,1,1.0,0.416667,0.0,0.0,0.0,0.0,0.5,0.75,SYNTHETIC_DEMO_NOT_REAL
45,2,1.0,0.333333,0.0,0.0,0.0,1.0,0.5,0.75,SYNTHETIC_DEMO_NOT_REAL
45,3,1.0,0.364583,0.0,0.0,0.0,1.0,0.5,0.75,SYNTHETIC_DEMO_NOT_REAL
45,4,1.0,0.666667,0.0,0.0,1.0,0.0,0.5,0.75,SYNTHETIC_DEMO_NOT_REAL
45,5,1.0,0.666667,1.0,0.0,1.0,0.0,0.5,0.75,SYNTHETIC_DEMO_NOT_REAL
45,6,1.0,0.666667,0.0,0.0,1.0,1.0,0.5,0.75,SYNTHETIC_DEMO_NOT_REAL
45,7,1.0,0.444444,1.0,0.0,1.0,1.0,0.5,0.75,SYNTHETIC_DEMO_NOT_REAL
45,8,1.0,0.277778,1.0,1.0,0.0,0.0,0.5,0.75,SYNTHETIC_DEMO_NOT_REAL
45,9,1.0,0.666667,1.0,1.0,0.0,0.0,0.5,0.75,SYNTHETIC_DEMO_NOT_REAL
45,10,1.0,0.166667,0.0,1.0,0.0,1.0,0.5,0.75,SYNTHETIC_DEMO_NOT_REAL
45,11,1.0,0.555556,0.0,1.0,0.0,1.0,0.5,0.75,SYNTHETIC_DEMO_NOT_REAL
45,12,1.0,0.666667,1.0,1.0,1.0,0.0,0.5,0.75,SYNTHETIC_DEMO_NOT_REAL
45,13,1.0,0.333333,0.0,1.0,1.0,0.0,0.5,0.75,SYNTHETIC_DEMO_NOT_REAL
45,14,1.0,0.333333,1.0,1.0,1.0,1.0,0.5,0.75,SYNTHETIC_DEMO_NOT_REAL
45,15,1.0,0.583333,1.0,1.0,1.0,1.0,0.5,0.75,SYNTHETIC_DEMO_NOT_REAL
46,0,1.0,0.222222,0.0,0.0,0.0,0.0,0.5,0.75,SYNTHETIC_DEMO_NOT_REAL
46,1,1.0,0.416667,0.0,0.0,0.0,0.0,0.5,0.75,SYNTHETIC_DEMO_NOT_REAL
46,2,1.0,0.333333,0.0,0.0,0.0,1.0,0.5,0.75,SYNTHETIC_DEMO_NOT_REAL
46,3,1.0,0.364583,0.0,0.0,0.0,1.0,0.5,0.75,SYNTHETIC_DEMO_NOT_REAL
46,4,1.0,0.666667,1.0,0.0,1.0,0.0,0.5,0.75,SYNTHETIC_DEMO_NOT_REAL
46,5,1.0,0.666667,1.0,0.0,1.0,0.0,0.5,0.75,SYNTHETIC_DEMO_NOT_REAL
46,6,1.0,0.666667,1.0,0.0,1.0,1.0,0.5,0.75,SYNTHETIC_DEMO_NOT_REAL
46,7,1.0,0.444444,0.0,0.0,1.0,1.0,0.5,0.75,SYNTHETIC_DEMO_NOT_REAL
46,8,1.0,0.277778,1.0,1.0,0.0,0.0,0.5,0.75,SYNTHETIC_DEMO_NOT_REAL
46,9,1.0,0.666667,1.0,1.0,0.0,0.0,0.5,0.75,SYNTHETIC_DEMO_NOT_REAL
46,10,1.0,0.166667,0.0,1.0,0.0,1.0,0.5,0.75,SYNTHETIC_DEMO_NOT_REAL
46,11,1.0,0.555556,1.0,1.0,0.0,1.0,0.5,0.75,SYNTHETIC_DEMO_NOT_REAL
46,12,1.0,0.666667,1.0,1.0,1.0,0.0,0.5,0.75,SYNTHETIC_DEMO_NOT_REAL
46,13,1.0,0.333333,1.0,1.0,1.0,0.0,0.5,0.75,SYNTHETIC_DEMO_NOT_REAL
46,14,1.0,0.333333,1.0,1.0,1.0,1.0,0.5,0.75,SYNTHETIC_DEMO_NOT_REAL
46,15,1.0,0.583333,1.0,1.0,1.0,1.0,0.5,0.75,SYNTHETIC_DEMO_NOT_REAL
