User_ID,Age_Group,Gender,Lit,Trust_Norm,Q1_Supplier,Q2_Paint,Q3_Machine,Q4_Flight,Q5_Lunch,Q6_Spa,Q7_Server,Q8_Post,Q9_Bridge,Q10_Stock,Q11_Vaccine,Q12_Tower,Q13_News,Q14_Embezzlement,Q15_Airbag,Q16_Hostage
0,Từ 18 đến 24,Nữ,0.5,0.5,Lời khuyên AI,Lời khuyên AI,Lời khuyên AI,Lời khuyên AI,Lời khuyên AI,Lời khuyên Con người,Lời khuyên AI,Lời khuyên Con người,Lời khuyên Con người,Lời khuyên Con người,Lời khuyên AI,Lời khuyên AI,Lời khuyên AI,Lời khuyên Con người,Lời khuyên Con người,Lời khuyên Con người
1,Từ 35 đến 50,Nam,0.75,0.625,Lời khuyên Con người,Lời khuyên AI,Lời khuyên AI,Lời khuyên AI,Lời khuyên Con người,Lời khuyên AI,Lời khuyên AI,Lời khuyên AI,Lời khuyên Con người,Lời khuyên Con người,Lời khuyên AI,Lời khuyên AI,Lời khuyên Con người,Lời khuyên AI,Lời khuyên AI,Lời khuyên Con người
2,Từ 18 đến 24,Nam,0.5,0.5,Lời khuyên Con người,Lời khuyên Con người,Lời khuyên AI,Lời khuyên AI,Lời khuyên Con người,Lời khuyên AI,Lời khuyên AI,Lời khuyên AI,Lời khuyên Con người,Lời khuyên AI,Lời khuyên Con người,Lời khuyên AI,Lời khuyên AI,Lời khuyên AI,Lời khuyên AI,Lời khuyên Con người
3,Từ 18 đến 24,Nữ,0.5,0.75,Lời khuyên Con người,Lời khuyên AI,Lời khuyên AI,Lời khuyên Con người,Lời khuyên Con người,Lời khuyên AI,Lời khuyên Con người,Lời khuyên Con người,Lời khuyên Con người,Lời khuyên Con người,Lời khuyên Con người,Lời khuyên Con người,Lời khuyên Con người,Lời khuyên Con người,Lời khuyên Con người,Lời khuyên AI
4,Từ 18 đến 24,Nữ,0.75,0.75,Lời khuyên Con người,Lời khuyên Con người,Lời khuyên AI,Lời khuyên Con người,Lời khuyên AI,Lời khuyên Con người,Lời khuyên AI,Lời khuyên AI,Lời khuyên Con người,Lời khuyên AI,Lời khuyên Con người,Lời khuyên AI,Lời khuyên Con người,Lời khuyên Con người,Lời khuyên Con người,Lời khuyên Con người
5,Từ 18 đến 24,Nam,0.75,0.125,Lời khuyên Con người,Lời khuyên Con người,Lời khuyên Con người,Lời khuyên AI,Lời khuyên Con người,Lời khuyên AI,Lời khuyên AI,Lời khuyên AI,Lời khuyên Con người,Lời khuyên Con người,Lời khuyên Con người,Lời khuyên Con người,Lời khuyên AI,Lời khuyên Con người,Lời khuyên Con người,Lời khuyên Con người
6,Dưới 18,Nam,1.0,0.875,Lời khuyên Con người,Lời khuyên Con người,Lời khuyên AI,Lời khuyên AI,Lời khuyên Con người,Lời khuyên Con người,Lời khuyên AI,Lời khuyên AI,Lời khuyên AI,Lời khuyên AI,Lời khuyên Con người,Lời khuyên Con người,Lời khuyên AI,Lời khuyên AI,Lời khuyên Con người,Lời khuyên Con người
7,Từ 18 đến 24,Nữ,0.5,0.625,Lời khuyên AI,Lời khuyên AI,Lời khuyên AI,Lời khuyên AI,Lời khuyên AI,Lời khuyên AI,Lời khuyên AI,Lời khuyên AI,Lời khuyên Con người,Lời khuyên Con người,Lời khuyên AI,Lời khuyên AI,Lời khuyên Con người,Lời khuyên Con người,Lời khuyên Con người,Lời khuyên Con người
8,Từ 18 đến 24,Nam,0.75,0.5,Lời khuyên AI,Lời khuyên Con người,Lời khuyên AI,Lời khuyên AI,Lời khuyên AI,Lời khuyên Con người,Lời khuyên Con người,Lời khuyên AI,Lời khuyên Con người,Lời khuyên Con người,Lời khuyên AI,Lời khuyên AI,Lời khuyên AI,Lời khuyên Con người,Lời khuyên AI,Lời khuyên Con người
9,Từ 18 đến 24,Nam,0.0,0.125,Lời khuyên Con người,Lời khuyên AI,Lời khuyên AI,Lời khuyên AI,Lời khuyên AI,Lời khuyên AI,Lời khuyên AI,Lời khuyên AI,Lời khuyên AI,Lời khuyên Con người,Lời khuyên Con người,Lời khuyên AI,Lời khuyên AI,Lời khuyên AI,Lời khuyên AI,Lời khuyên AI
10,Dưới 18,Nữ,0.5,0.25,Lời khuyên AI,Lời khuyên AI,Lời khuyên AI,Lời khuyên AI,Lời khuyên Con người,Lời khuyên Con người,Lời khuyên AI,Lời khuyên AI,Lời khuyên Con người,Lời khuyên Con người,Lời khuyên AI,Lời khuyên Con người,Lời khuyên Con người,Lời khuyên AI,Lời khuyên AI,Lời khuyên AI
11,Từ 35 đến 50,Nữ,0.5,0.5,Lời khuyên Con người,Lời khuyên AI,Lời khuyên AI,Lời khuyên AI,Lời khuyên AI,Lời khuyên AI,Lời khuyên Con người,Lời khuyên Con người,Lời khuyên Con người,Lời khuyên AI,Lời khuyên AI,Lời khuyên Con người,Lời khuyên Con người,Lời khuyên Con người,Lời khuyên AI,Lời khuyên Con người
12,Từ 18 đến 24,Nữ,0.5,0.5,Lời khuyên AI,Lời khuyên Con người,Lời khuyên AI,Lời khuyên AI,Lời khuyên AI,Lời khuyên Con người,Lời khuyên AI,Lời khuyên Con người,Lời khuyên AI,Lời khuyên Con người,Lời khuyên AI,Lời khuyên AI,Lời khuyên Con người,Lời khuyên Con người,Lời khuyên Con người,Lời khuyên Con người
13,Từ 18 đến 24,Nam,0.5,0.75,Lời khuyên AI,Lời khuyên AI,Lời khuyên AI,Lời khuyên AI,Lời khuyên Con người,Lời khuyên AI,Lời khuyên AI,Lời khuyên AI,Lời khuyên AI,Lời khuyên Con người,Lời khuyên Con người,Lời khuyên AI,Lời khuyên Con người,Lời khuyên AI,Lời khuyên Con người,Lời khuyên Con người
14,Từ 18 đến 24,Nữ,0.5,0.25,Lời khuyên AI,Lời khuyên AI,Lời khuyên AI,Lời khuyên AI,Lời khuyên Con người,Lời khuyên AI,Lời khuyên AI,Lời khuyên AI,Lời khuyên Con người,Lời khuyên Con người,Lời khuyên Con người,Lời khuyên AI,Lời khuyên Con người,Lời khuyên Con người,Lời khuyên Con người,Lời khuyên AI
15,Từ 18 đến 24,Nam,0.5,0.75,Lời khuyên AI,Lời khuyên AI,Lời khuyên Con người,Lời khuyên AI,Lời khuyên Con người,Lời khuyên AI,Lời khuyên Con người,Lời khuyên AI,Lời khuyên AI,Lời khuyên Con người,Lời khuyên Con người,Lời khuyên AI,Lời khuyên Con người,Lời khuyên AI,Lời khuyên AI,Lời khuyên Con người
16,Từ 18 đến 24,Nam,0.75,0.625,Lời khuyên Con người,Lời khuyên AI,Lời khuyên AI,Lời khuyên AI,Lời khuyên Con người,Lời khuyên AI,Lời khuyên AI,Lời khuyên Con người,Lời khuyên Con người,Lời khuyên AI,Lời khuyên Con người,Lời khuyên AI,Lời khuyên Con người,Lời khuyên Con người,Lời khuyên Con người,Lời khuyên Con người
17,Từ 18 đến 24,Nữ,0.75,0.625,Lời khuyên Con người,Lời khuyên Con người,Lời khuyên AI,Lời khuyên AI,Lời khuyên Con người,Lời khuyên AI,Lời khuyên AI,Lời khuyên Con người,Lời khuyên Con người,Lời khuyên Con người,Lời khuyên Con người,Lời khuyên AI,Lời khuyên AI,Lời khuyên Con người,Lời khuyên Con người,Lời khuyên Con người
18,Từ 18 đến 24,Nữ,0.5,0.25,Lời khuyên AI,Lời khuyên Con người,Lời khuyên AI,Lời khuyên Con người,Lời khuyên AI,Lời khuyên Con người,Lời khuyên AI,Lời khuyên AI,Lời khuyên AI,Lời khuyên Con người,Lời khuyên Con người,Lời khuyên AI,Lời khuyên AI,Lời khuyên Con người,Lời khuyên AI,Lời khuyên Con người
19,Từ 18 đến 24,Nữ,0.5,0.75,Lời khuyên Con người,Lời khuyên Con người,Lời khuyên AI,Lời khuyên AI,Lời khuyên AI,Lời khuyên Con người,Lời khuyên AI,Lời khuyên Con người,Lời khuyên AI,Lời khuyên AI,Lời khuyên Con người,Lời khuyên AI,Lời khuyên Con người,Lời khuyên Con người,Lời khuyên Con người,Lời khuyên Con người
20,Từ 18 đến 24,Nữ,0.75,0.375,Lời khuyên Con người,Lời khuyên AI,Lời khuyên AI,Lời khuyên AI,Lời khuyên AI,Lời khuyên AI,Lời khuyên AI,Lời khuyên AI,Lời khuyên AI,Lời khuyên AI,Lời khuyên Con người,Lời khuyên AI,Lời khuyên Con người,Lời khuyên Con người,Lời khuyên Con người,Lời khuyên AI
21,Từ 18 đến 24,Nữ,0.25,0.375,Lời khuyên AI,Lời khuyên Con người,Lời khuyên AI,Lời khuyên AI,Lời khuyên Con người,Lời khuyên Con người,Lời khuyên AI,Lời khuyên AI,Lời khuyên AI,Lời khuyên AI,Lời khuyên AI,Lời khuyên Con người,Lời khuyên AI,Lời khuyên AI,Lời khuyên AI,Lời khuyên Con người
22,Từ 18 đến 24,Nam,0.5,0.5,Lời khuyên AI,Lời khuyên AI,Lời khuyên AI,Lời khuyên Con người,Lời khuyên AI,Lời khuyên AI,Lời khuyên AI,Lời khuyên AI,Lời khuyên AI,Lời khuyên AI,Lời khuyên AI,Lời khuyên AI,Lời khuyên Con người,Lời khuyên Con người,Lời khuyên Con người,Lời khuyên Con người
23,Từ 18 đến 24,Nam,0.5,0.5,Lời khuyên AI,Lời khuyên AI,Lời khuyên AI,Lời khuyên AI,Lời khuyên AI,Lời khuyên AI,Lời khuyên Con người,Lời khuyên AI,Lời khuyên Con người,Lời khuyên AI,Lời khuyên Con người,Lời khuyên Con người,Lời khuyên Con người,Lời khuyên AI,Lời khuyên AI,Lời khuyên AI
24,Từ 18 đến 24,Nam,0.25,0.375,Lời khuyên Con người,Lời khuyên AI,Lời khuyên AI,Lời khuyên AI,Lời khuyên AI,Lời khuyên Con người,Lời khuyên AI,Lời khuyên AI,Lời khuyên Con người,Lời khuyên AI,Lời khuyên AI,Lời khuyên AI,Lời khuyên Con người,Lời khuyên Con người,Lời khuyên Con người,Lời khuyên Con người
25,Từ 18 đến 24,Nam,0.25,0.25,Lời khuyên AI,Lời khuyên AI,Lời khuyên AI,Lời khuyên AI,Lời khuyên AI,Lời khuyên Con người,Lời khuyên Con người,Lời khuyên AI,Lời khuyên Con người,Lời khuyên Con người,Lời khuyên AI,Lời khuyên AI,Lời khuyên AI,Lời khuyên Con người,Lời khuyên Con người,Lời khuyên Con người
26,Từ 18 đến 24,Nữ,0.75,0.625,Lời khuyên Con người,Lời khuyên AI,Lời khuyên AI,Lời khuyên Con người,Lời khuyên Con người,Lời khuyên AI,Lời khuyên AI,Lời khuyên Con người,Lời khuyên Con người,Lời khuyên Con người,Lời khuyên AI,Lời khuyên AI,Lời khuyên AI,Lời khuyên AI,Lời khuyên Con người,Lời khuyên Con người
27,Từ 18 đến 24,Nam,0.5,0.75,Lời khuyên AI,Lời khuyên AI,Lời khuyên Con người,Lời khuyên AI,Lời khuyên AI,Lời khuyên AI,Lời khuyên AI,Lời khuyên AI,Lời khuyên AI,Lời khuyên Con người,Lời khuyên Con người,Lời khuyên Con người,Lời khuyên Con người,Lời khuyên Con người,Lời khuyên AI,Lời khuyên AI
28,Từ 18 đến 24,Nữ,0.5,0.625,Lời khuyên AI,Lời khuyên AI,Lời khuyên Con người,Lời khuyên AI,Lời khuyên Con người,Lời khuyên Con người,Lời khuyên AI,Lời khuyên AI,Lời khuyên Con người,Lời khuyên AI,Lời khuyên Con người,Lời khuyên Con người,Lời khuyên Con người,Lời khuyên Con người,Lời khuyên Con người,Lời khuyên Con người
29,Dưới 18,Nữ,0.5,0.75,Lời khuyên Con người,Lời khuyên AI,Lời khuyên AI,Lời khuyên Con người,Lời khuyên Con người,Lời khuyên AI,Lời khuyên AI,Lời khuyên AI,Lời khuyên Con người,Lời khuyên AI,Lời khuyên Con người,Lời khuyên AI,Lời khuyên Con người,Lời khuyên Con người,Lời khuyên Con người,Lời khuyên AI
30,Từ 18 đến 24,Nữ,0.5,0.625,Lời khuyên AI,Lời khuyên AI,Lời khuyên AI,Lời khuyên AI,Lời khuyên AI,Lời khuyên AI,Lời khuyên AI,Lời khuyên Con người,Lời khuyên Con người,Lời khuyên AI,Lời khuyên AI,Lời khuyên Con người,Lời khuyên Con người,Lời khuyên AI,Lời khuyên Con người,Lời khuyên AI
31,Từ 18 đến 24,Nữ,0.5,0.875,Lời khuyên Con người,Lời khuyên Con người,Lời khuyên Con người,Lời khuyên AI,Lời khuyên AI,Lời khuyên Con người,Lời khuyên AI,Lời khuyên AI,Lời khuyên Con người,Lời khuyên Con người,Lời khuyên Con người,Lời khuyên Con người,Lời khuyên Con người,Lời khuyên Con người,Lời khuyên AI,Lời khuyên AI
32,Dưới 18,Nữ,0.5,0.5,Lời khuyên AI,Lời khuyên Con người,Lời khuyên Con người,Lời khuyên Con người,Lời khuyên Con người,Lời khuyên AI,Lời khuyên AI,Lời khuyên AI,Lời khuyên Con người,Lời khuyên AI,Lời khuyên AI,Lời khuyên AI,Lời khuyên AI,Lời khuyên Con người,Lời khuyên AI,Lời khuyên AI
33,Từ 25 đến 34,Nam,0.75,0.5,Lời khuyên AI,Lời khuyên AI,Lời khuyên Con người,Lời khuyên AI,Lời khuyên Con người,Lời khuyên AI,Lời khuyên AI,Lời khuyên Con người,Lời khuyên Con người,Lời khuyên AI,Lời khuyên AI,Lời khuyên Con người,Lời khuyên Con người,Lời khuyên Con người,Lời khuyên Con người,Lời khuyên AI
34,Từ 35 đến 50,Nam,0.5,1.0,Lời khuyên AI,Lời khuyên AI,Lời khuyên AI,Lời khuyên AI,Lời khuyên Con người,Lời khuyên AI,Lời khuyên AI,Lời khuyên AI,Lời khuyên AI,Lời khuyên Con người,Lời khuyên AI,Lời khuyên Con người,Lời khuyên Con người,Lời khuyên Con người,Lời khuyên AI,Lời khuyên Con người
35,Từ 18 đến 24,Nữ,0.25,0.25,Lời khuyên Con người,Lời khuyên AI,Lời khuyên AI,Lời khuyên AI,Lời khuyên AI,Lời khuyên Con người,Lời khuyên AI,Lời khuyên AI,Lời khuyên Con người,Lời khuyên AI,Lời khuyên Con người,Lời khuyên AI,Lời khuyên Con người,Lời khuyên Con người,Lời khuyên Con người,Lời khuyên AI
36,Từ 18 đến 24,Nam,0.5,1.0,Lời khuyên AI,Lời khuyên Con người,Lời khuyên AI,Lời khuyên AI,Lời khuyên Con người,Lời khuyên AI,Lời khuyên AI,Lời khuyên Con người,Lời khuyên Con người,Lời khuyên AI,Lời khuyên Con người,Lời khuyên Con người,Lời khuyên AI,Lời khuyên Con người,Lời khuyên AI,Lời khuyên Con người
37,Dưới 18,Nam,0.25,0.5,Lời khuyên Con người,Lời khuyên AI,Lời khuyên AI,Lời khuyên AI,Lời khuyên Con người,Lời khuyên AI,Lời khuyên Con người,Lời khuyên Con người,Lời khuyên AI,Lời khuyên Con người,Lời khuyên Con người,Lời khuyên AI,Lời khuyên Con người,Lời khuyên Con người,Lời khuyên Con người,Lời khuyên AI
38,Từ 18 đến 24,Nữ,0.5,0.5,Lời khuyên Con người,Lời khuyên AI,Lời khuyên AI,Lời khuyên AI,Lời khuyên Con người,Lời khuyên AI,Lời khuyên AI,Lời khuyên AI,Lời khuyên Con người,Lời khuyên AI,Lời khuyên AI,Lời khuyên Con người,Lời khuyên Con người,Lời khuyên Con người,Lời khuyên Con người,Lời khuyên AI
39,Từ 18 đến 24,Nam,1.0,0.75,Lời khuyên Con người,Lời khuyên Con người,Lời khuyên AI,Lời khuyên AI,Lời khuyên Con người,Lời khuyên Con người,Lời khuyên Con người,Lời khuyên Con người,Lời khuyên AI,Lời khuyên Con người,Lời khuyên AI,Lời khuyên AI,Lời khuyên Con người,Lời khuyên AI,Lời khuyên Con người,Lời khuyên Con người
40,Từ 18 đến 24,Nữ,0.5,0.75,Lời khuyên AI,Lời khuyên AI,Lời khuyên AI,Lời khuyên AI,Lời khuyên Con người,Lời khuyên Con người,Lời khuyên Con người,Lời khuyên Con người,Lời khuyên Con người,Lời khuyên AI,Lời khuyên Con người,Lời khuyên AI,Lời khuyên Con người,Lời khuyên Con người,Lời khuyên Con người,Lời khuyên Con người
41,Từ 18 đến 24,Nữ,0.0,0.375,Lời khuyên Con người,Lời khuyên AI,Lời khuyên AI,Lời khuyên AI,Lời khuyên AI,Lời khuyên Con người,Lời khuyên AI,Lời khuyên AI,Lời khuyên AI,Lời khuyên AI,Lời khuyên AI,Lời khuyên Con người,Lời khuyên Con người,Lời khuyên Con người,Lời khuyên Con người,Lời khuyên AI
42,Dưới 18,Nữ,0.5,0.625,Lời khuyên AI,Lời khuyên AI,Lời khuyên Con người,Lời khuyên AI,Lời khuyên AI,Lời khuyên AI,Lời khuyên AI,Lời khuyên AI,Lời khuyên Con người,Lời khuyên Con người,Lời khuyên AI,Lời khuyên AI,Lời khuyên Con người,Lời khuyên Con người,Lời khuyên Con người,Lời khuyên AI
43,Từ 18 đến 24,Nam,0.5,0.5,Lời khuyên AI,Lời khuyên AI,Lời khuyên AI,Lời khuyên Con người,Lời khuyên Con người,Lời khuyên AI,Lời khuyên AI,Lời khuyên Con người,Lời khuyên Con người,Lời khuyên Con người,Lời khuyên Con người,Lời khuyên AI,Lời khuyên AI,Lời khuyên AI,Lời khuyên Con người,Lời khuyên AI
44,Từ 18 đến 24,Nam,0.75,0.625,Lời khuyên Con người,Lời khuyên Con người,Lời khuyên AI,Lời khuyên Con người,Lời khuyên Con người,Lời khuyên Con người,Lời khuyên AI,Lời khuyên AI,Lời khuyên AI,Lời khuyên Con người,Lời khuyên AI,Lời khuyên AI,Lời khuyên Con người,Lời khuyên Con người,Lời khuyên Con người,Lời khuyên AI
45,Từ 18 đến 24,Nữ,0.5,0.75,Lời khuyên Con người,Lời khuyên Con người,Lời khuyên AI,Lời khuyên AI,Lời khuyên AI,Lời khuyên Con người,Lời khuyên AI,Lời khuyên AI,Lời khuyên Con người,Lời khuyên AI,Lời khuyên Con người,Lời khuyên Con người,Lời khuyên Con người,Lời khuyên Con người,Lời khuyên AI,Lời khuyên Con người
46,Từ 18 đến 24,Nam,0.5,0.75,Lời khuyên Con người,Lời khuyên Con người,Lời khuyên AI,Lời khuyên AI,Lời khuyên Con người,Lời khuyên AI,Lời khuyên AI,Lời khuyên Con người,Lời khuyên Con người,Lời khuyên AI,Lời khuyên Con người,Lời khuyên Con người,Lời khuyên Con người,Lời khuyên Con người,Lời khuyên Con người,Lời khuyên AI
47,Từ 18 đến 24,Nữ,,,Lời khuyên AI,Lời khuyên AI,Lời khuyên Con người,Lời khuyên AI,Lời khuyên AI,Lời khuyên AI,Lời khuyên AI,Lời khuyên Con người,Lời khuyên Con người,Lời khuyên AI,Lời khuyên Con người,Lời khuyên Con người,Lời khuyên Con người,Lời khuyên Con người,Lời khuyên Con người,Lời khuyên Con người
48,Từ 18 đến 24,Nữ,,,Lời khuyên Con người,Lời khuyên AI,Lời khuyên AI,Lời khuyên AI,Lời khuyên Con người,Lời khuyên AI,Lời khuyên Con người,Lời khuyên AI,Lời khuyên AI,Lời khuyên Con người,Lời khuyên AI,Lời khuyên Con người,Lời khuyên Con người,Lời khuyên AI,Lời khuyên Con người,Lời khuyên AI
49,Từ 18 đến 24,Nữ,,,Lời khuyên AI,Lời khuyên Con người,Lời khuyên AI,Lời khuyên AI,Lời khuyên Con người,Lời khuyên AI,Lời khuyên AI,Lời khuyên AI,Lời khuyên Con người,Lời khuyên AI,Lời khuyên AI,Lời khuyên AI,Lời khuyên Con người,Lời khuyên AI,Lời khuyên Con người,Lời khuyên Con người
50,Từ 35 đến 50,Nam,,,Lời khuyên AI,Lời khuyên AI,Lời khuyên AI,Lời khuyên AI,Lời khuyên AI,Lời khuyên Con người,Lời khuyên Con người,Lời khuyên AI,Lời khuyên AI,Lời khuyên Con người,Lời khuyên AI,Lời khuyên Con người,Lời khuyên AI,Lời khuyên Con người,Lời khuyên Con người,Lời khuyên Con người
51,Từ 18 đến 24,Nam,,,Lời khuyên Con người,Lời khuyên Con người,Lời khuyên AI,Lời khuyên AI,Lời khuyên Con người,Lời khuyên Con người,Lời khuyên AI,Lời khuyên AI,Lời khuyên AI,Lời khuyên Con người,Lời khuyên Con người,Lời khuyên AI,Lời khuyên Con người,Lời khuyên Con người,Lời khuyên Con người,Lời khuyên AI
52,Từ 25 đến 34,Nữ,,,Lời khuyên AI,Lời khuyên Con người,Lời khuyên AI,Lời khuyên AI,Lời khuyên AI,Lời khuyên Con người,Lời khuyên Con người,Lời khuyên AI,Lời khuyên Con người,Lời khuyên AI,Lời khuyên AI,Lời khuyên AI,Lời khuyên Con người,Lời khuyên AI,Lời khuyên AI,Lời khuyên AI
53,Từ 18 đến 24,Nam,,,Lời khuyên Con người,Lời khuyên AI,Lời khuyên AI,Lời khuyên AI,Lời khuyên AI,Lời khuyên AI,Lời khuyên AI,Lời khuyên Con người,Lời khuyên AI,Lời khuyên Con người,Lời khuyên Con người,Lời khuyên AI,Lời khuyên Con người,Lời khuyên Con người,Lời khuyên Con người,Lời khuyên Con người
54,Từ 18 đến 24,Nam,,,Lời khuyên AI,Lời khuyên AI,Lời khuyên AI,Lời khuyên Con người,Lời khuyên AI,Lời khuyên Con người,Lời khuyên Con người,Lời khuyên AI,Lời khuyên Con người,Lời khuyên AI,Lời khuyên AI,Lời khuyên AI,Lời khuyên Con người,Lời khuyên Con người,Lời khuyên Con người,Lời khuyên Con người
55,Từ 25 đến 34,Nữ,,,Lời khuyên Con người,Lời khuyên AI,Lời khuyên AI,Lời khuyên AI,Lời khuyên Con người,Lời khuyên AI,Lời khuyên AI,Lời khuyên Con người,Lời khuyên Con người,Lời khuyên AI,Lời khuyên AI,Lời khuyên Con người,Lời khuyên AI,Lời khuyên AI,Lời khuyên AI,Lời khuyên Con người
56,Dưới 18,Nữ,,,Lời khuyên Con người,Lời khuyên AI,Lời khuyên AI,Lời khuyên AI,Lời khuyên AI,Lời khuyên AI,Lời khuyên AI,Lời khuyên AI,Lời khuyên Con người,Lời khuyên Con người,Lời khuyên AI,Lời khuyên AI,Lời khuyên Con người,Lời khuyên Con người,Lời khuyên Con người,Lời khuyên AI
57,Từ 18 đến 24,Nữ,,,Lời khuyên AI,Lời khuyên Con người,Lời khuyên AI,Lời khuyên AI,Lời khuyên AI,Lời khuyên AI,Lời khuyên AI,Lời khuyên Con người,Lời khuyên Con người,Lời khuyên AI,Lời khuyên AI,Lời khuyên Con người,Lời khuyên AI,Lời khuyên Con người,Lời khuyên AI,Lời khuyên Con người
58,Dưới 18,Nữ,,,Lời khuyên Con người,Lời khuyên Con người,Lời khuyên AI,Lời khuyên AI,Lời khuyên Con người,Lời khuyên Con người,Lời khuyên Con người,Lời khuyên Con người,Lời khuyên Con người,Lời khuyên Con người,Lời khuyên Con người,Lời khuyên AI,Lời khuyên Con người,Lời khuyên Con người,Lời khuyên Con người,Lời khuyên Con người
59,Từ 18 đến 24,Nam,,,Lời khuyên AI,Lời khuyên AI,Lời khuyên AI,Lời khuyên Con người,Lời khuyên Con người,Lời khuyên Con người,Lời khuyên AI,Lời khuyên AI,Lời khuyên Con người,Lời khuyên Con người,Lời khuyên AI,Lời khuyên AI,Lời khuyên Con người,Lời khuyên Con người,Lời khuyên Con người,Lời khuyên Con người
60,Từ 18 đến 24,Nữ,,,Lời khuyên AI,Lời khuyên AI,Lời khuyên Con người,Lời khuyên AI,Lời khuyên Con người,Lời khuyên AI,Lời khuyên Con người,Lời khuyên AI,Lời khuyên AI,Lời khuyên AI,Lời khuyên AI,Lời khuyên AI,Lời khuyên Con người,Lời khuyên Con người,Lời khuyên Con người,Lời khuyên Con người
61,Từ 18 đến 24,Nữ,,,Lời khuyên AI,Lời khuyên AI,Lời khuyên Con người,Lời khuyên AI,Lời khuyên Con người,Lời khuyên AI,Lời khuyên AI,Lời khuyên AI,Lời khuyên Con người,Lời khuyên AI,Lời khuyên Con người,Lời khuyên Con người,Lời khuyên Con người,Lời khuyên Con người,Lời khuyên Con người,Lời khuyên Con người
62,Từ 18 đến 24,Nam,,,Lời khuyên AI,Lời khuyên AI,Lời khuyên AI,Lời khuyên AI,Lời khuyên Con người,Lời khuyên AI,Lời khuyên AI,Lời khuyên Con người,Lời khuyên AI,Lời khuyên Con người,Lời khuyên Con người,Lời khuyên AI,Lời khuyên Con người,Lời khuyên AI,Lời khuyên Con người,Lời khuyên Con người
63,Từ 18 đến 24,Nữ,,,Lời khuyên AI,Lời khuyên AI,Lời khuyên AI,Lời khuyên AI,Lời khuyên AI,Lời khuyên Con người,Lời khuyên AI,Lời khuyên AI,Lời khuyên AI,Lời khuyên Con người,Lời khuyên Con người,Lời khuyên Con người,Lời khuyên AI,Lời khuyên Con người,Lời khuyên Con người,Lời khuyên Con người
64,Từ 18 đến 24,Nữ,,,Lời khuyên AI,Lời khuyên AI,Lời khuyên AI,Lời khuyên AI,Lời khuyên Con người,Lời khuyên AI,Lời khuyên Con người,Lời khuyên AI,Lời khuyên Con người,Lời khuyên AI,Lời khuyên Con người,Lời khuyên AI,Lời khuyên Con người,Lời khuyên Con người,Lời khuyên Con người,Lời khuyên AI
65,Từ 18 đến 24,Nữ,,,Lời khuyên AI,Lời khuyên AI,Lời khuyên AI,Lời khuyên AI,Lời khuyên AI,Lời khuyên AI,Lời khuyên AI,Lời khuyên AI,Lời khuyên AI,Lời khuyên AI,Lời khuyên Con người,Lời khuyên AI,Lời khuyên AI,Lời khuyên Con người,Lời khuyên AI,Lời khuyên AI
66,Từ 18 đến 24,Nữ,,,Lời khuyên AI,Lời khuyên AI,Lời khuyên AI,Lời khuyên Con người,Lời khuyên Con người,Lời khuyên AI,Lời khuyên AI,Lời khuyên AI,Lời khuyên Con người,Lời khuyên Con người,Lời khuyên Con người,Lời khuyên AI,Lời khuyên AI,Lời khuyên AI,Lời khuyên Con người,Lời khuyên AI
67,Từ 18 đến 24,Nữ,,,Lời khuyên AI,Lời khuyên Con người,Lời khuyên Con người,Lời khuyên AI,Lời khuyên Con người,Lời khuyên Con người,Lời khuyên Con người,Lời khuyên AI,Lời khuyên AI,Lời khuyên AI,Lời khuyên Con người,Lời khuyên AI,Lời khuyên Con người,Lời khuyên Con người,Lời khuyên Con người,Lời khuyên Con người
68,Dưới 18,Nam,,,Lời khuyên Con người,Lời khuyên Con người,Lời khuyên AI,Lời khuyên AI,Lời khuyên AI,Lời khuyên AI,Lời khuyên AI,Lời khuyên Con người,Lời khuyên AI,Lời khuyên Con người,Lời khuyên Con người,Lời khuyên Con người,Lời khuyên Con người,Lời khuyên AI,Lời khuyên Con người,Lời khuyên Con người
69,Trên 50,Nam,,,Lời khuyên AI,Lời khuyên AI,Lời khuyên AI,Lời khuyên AI,Lời khuyên AI,Lời khuyên AI,Lời khuyên AI,Lời khuyên AI,Lời khuyên AI,Lời khuyên AI,Lời khuyên AI,Lời khuyên AI,Lời khuyên Con người,Lời khuyên AI,Lời khuyên Con người,Lời khuyên AI
70,Từ 18 đến 24,Nữ,,,Lời khuyên AI,Lời khuyên Con người,Lời khuyên Con người,Lời khuyên Con người,Lời khuyên Con người,Lời khuyên AI,Lời khuyên AI,Lời khuyên AI,Lời khuyên Con người,Lời khuyên AI,Lời khuyên AI,Lời khuyên AI,Lời khuyên AI,Lời khuyên AI,Lời khuyên Con người,Lời khuyên AI
71,Từ 18 đến 24,Nữ,,,Lời khuyên AI,Lời khuyên Con người,Lời khuyên AI,Lời khuyên Con người,Lời khuyên Con người,Lời khuyên AI,Lời khuyên AI,Lời khuyên AI,Lời khuyên Con người,Lời khuyên AI,Lời khuyên Con người,Lời khuyên AI,Lời khuyên AI,Lời khuyên AI,Lời khuyên AI,Lời khuyên AI
72,Dưới 18,Nữ,,,Lời khuyên AI,Lời khuyên Con người,Lời khuyên AI,Lời khuyên Con người,Lời khuyên Con người,Lời khuyên AI,Lời khuyên AI,Lời khuyên Con người,Lời khuyên AI,Lời khuyên AI,Lời khuyên AI,Lời khuyên Con người,Lời khuyên Con người,Lời khuyên AI,Lời khuyên Con người,Lời khuyên Con người
73,Từ 18 đến 24,Nữ,,,Lời khuyên Con người,Lời khuyên AI,Lời khuyên AI,Lời khuyên AI,Lời khuyên Con người,Lời khuyên AI,Lời khuyên AI,Lời khuyên Con người,Lời khuyên AI,Lời khuyên AI,Lời khuyên Con người,Lời khuyên AI,Lời khuyên AI,Lời khuyên AI,Lời khuyên Con người,Lời khuyên Con người
74,Từ 18 đến 24,Nữ,,,Lời khuyên AI,Lời khuyên Con người,Lời khuyên Con người,Lời khuyên AI,Lời khuyên Con người,Lời khuyên Con người,Lời khuyên AI,Lời khuyên AI,Lời khuyên Con người,Lời khuyên Con người,Lời khuyên AI,Lời khuyên AI,Lời khuyên Con người,Lời khuyên Con người,Lời khuyên Con người,Lời khuyên Con người
75,Từ 18 đến 24,Nữ,,,Lời khuyên AI,Lời khuyên AI,Lời khuyên AI,Lời khuyên AI,Lời khuyên AI,Lời khuyên AI,Lời khuyên AI,Lời khuyên AI,Lời khuyên Con người,Lời khuyên AI,Lời khuyên AI,Lời khuyên AI,Lời khuyên Con người,Lời khuyên Con người,Lời khuyên Con người,Lời khuyên AI
76,Từ 18 đến 24,Nữ,,,Lời khuyên AI,Lời khuyên Con người,Lời khuyên Con người,Lời khuyên AI,Lời khuyên Con người,Lời khuyên AI,Lời khuyên AI,Lời khuyên AI,Lời khuyên Con người,Lời khuyên Con người,Lời khuyên AI,Lời khuyên Con người,Lời khuyên Con người,Lời khuyên Con người,Lời khuyên AI,Lời khuyên AI
77,Dưới 18,Nữ,,,Lời khuyên Con người,Lời khuyên Con người,Lời khuyên AI,Lời khuyên AI,Lời khuyên AI,Lời khuyên AI,Lời khuyên AI,Lời khuyên AI,Lời khuyên AI,Lời khuyên Con người,Lời khuyên AI,Lời khuyên Con người,Lời khuyên Con người,Lời khuyên AI,Lời khuyên Con người,Lời khuyên AI
78,Từ 18 đến 24,Nữ,,,Lời khuyên AI,Lời khuyên AI,Lời khuyên AI,Lời khuyên AI,Lời khuyên AI,Lời khuyên AI,Lời khuyên Con người,Lời khuyên AI,Lời khuyên Con người,Lời khuyên Con người,Lời khuyên Con người,Lời khuyên AI,Lời khuyên Con người,Lời khuyên Con người,Lời khuyên Con người,Lời khuyên AI
79,Dưới 18,Nữ,,,Lời khuyên AI,Lời khuyên AI,Lời khuyên AI,Lời khuyên Con người,Lời khuyên Con người,Lời khuyên AI,Lời khuyên AI,Lời khuyên AI,Lời khuyên Con người,Lời khuyên Con người,Lời khuyên Con người,Lời khuyên AI,Lời khuyên Con người,Lời khuyên Con người,Lời khuyên Con người,Lời khuyên AI
80,Từ 18 đến 24,Nữ,,,Lời khuyên AI,Lời khuyên Con người,Lời khuyên Con người,Lời khuyên AI,Lời khuyên Con người,Lời khuyên Con người,Lời khuyên AI,Lời khuyên AI,Lời khuyên Con người,Lời khuyên Con người,Lời khuyên Con người,Lời khuyên AI,Lời khuyên Con người,Lời khuyên Con người,Lời khuyên AI,Lời khuyên Con người
81,Từ 18 đến 24,Nam,,,Lời khuyên AI,Lời khuyên Con người,Lời khuyên AI,Lời khuyên AI,Lời khuyên Con người,Lời khuyên AI,Lời khuyên Con người,Lời khuyên Con người,Lời khuyên AI,Lời khuyên AI,Lời khuyên AI,Lời khuyên AI,Lời khuyên Con người,Lời khuyên Con người,Lời khuyên AI,Lời khuyên AI
82,Từ 18 đến 24,Nam,,,Lời khuyên AI,Lời khuyên Con người,Lời khuyên Con người,Lời khuyên AI,Lời khuyên AI,Lời khuyên AI,Lời khuyên AI,Lời khuyên AI,Lời khuyên Con người,Lời khuyên AI,Lời khuyên AI,Lời khuyên AI,Lời khuyên AI,Lời khuyên AI,Lời khuyên Con người,Lời khuyên Con người
83,Dưới 18,Nam,,,Lời khuyên AI,Lời khuyên AI,Lời khuyên AI,Lời khuyên AI,Lời khuyên AI,Lời khuyên AI,Lời khuyên AI,Lời khuyên AI,Lời khuyên Con người,Lời khuyên AI,Lời khuyên AI,Lời khuyên AI,Lời khuyên Con người,Lời khuyên Con người,Lời khuyên Con người,Lời khuyên AI
84,Từ 18 đến 24,Nữ,,,Lời khuyên AI,Lời khuyên AI,Lời khuyên AI,Lời khuyên AI,Lời khuyên Con người,Lời khuyên AI,Lời khuyên AI,Lời khuyên AI,Lời khuyên Con người,Lời khuyên Con người,Lời khuyên Con người,Lời khuyên AI,Lời khuyên AI,Lời khuyên Con người,Lời khuyên AI,Lời khuyên AI
85,Từ 18 đến 24,Nam,,,Lời khuyên AI,Lời khuyên AI,Lời khuyên AI,Lời khuyên AI,Lời khuyên Con người,Lời khuyên AI,Lời khuyên AI,Lời khuyên AI,Lời khuyên AI,Lời khuyên AI,Lời khuyên AI,Lời khuyên AI,Lời khuyên Con người,Lời khuyên Con người,Lời khuyên AI,Lời khuyên AI
86,Từ 18 đến 24,Nam,,,Lời khuyên AI,Lời khuyên AI,Lời khuyên AI,Lời khuyên AI,Lời khuyên AI,Lời khuyên Con người,Lời khuyên AI,Lời khuyên AI,Lời khuyên Con người,Lời khuyên AI,Lời khuyên AI,Lời khuyên AI,Lời khuyên Con người,Lời khuyên AI,Lời khuyên Con người,Lời khuyên AI
87,Từ 18 đến 24,Nữ,,,Lời khuyên AI,Lời khuyên Con người,Lời khuyên AI,Lời khuyên AI,Lời khuyên Con người,Lời khuyên Con người,Lời khuyên Con người,Lời khuyên AI,Lời khuyên Con người,Lời khuyên AI,Lời khuyên AI,Lời khuyên Con người,Lời khuyên AI,Lời khuyên Con người,Lời khuyên Con người,Lời khuyên Con người
88,Từ 18 đến 24,Nam,,,Lời khuyên AI,Lời khuyên Con người,Lời khuyên AI,Lời khuyên Con người,Lời khuyên AI,Lời khuyên Con người,Lời khuyên AI,Lời khuyên AI,Lời khuyên Con người,Lời khuyên AI,Lời khuyên AI,Lời khuyên Con người,Lời khuyên Con người,Lời khuyên Con người,Lời khuyên Con người,Lời khuyên Con người
89,Từ 18 đến 24,Nữ,,,Lời khuyên AI,Lời khuyên Con người,Lời khuyên Con người,Lời khuyên Con người,Lời khuyên Con người,Lời khuyên AI,Lời khuyên AI,Lời khuyên AI,Lời khuyên AI,Lời khuyên Con người,Lời khuyên Con người,Lời khuyên Con người,Lời khuyên Con người,Lời khuyên AI,Lời khuyên AI,Lời khuyên Con người
90,Dưới 18,Nam,,,Lời khuyên Con người,Lời khuyên AI,Lời khuyên AI,Lời khuyên AI,Lời khuyên AI,Lời khuyên AI,Lời khuyên Con người,Lời khuyên AI,Lời khuyên AI,Lời khuyên Con người,Lời khuyên AI,Lời khuyên AI,Lời khuyên Con người,Lời khuyên Con người,Lời khuyên AI,Lời khuyên AI
91,Từ 18 đến 24,Nam,,,Lời khuyên Con người,Lời khuyên AI,Lời khuyên AI,Lời khuyên AI,Lời khuyên Con người,Lời khuyên AI,Lời khuyên AI,Lời khuyên AI,Lời khuyên Con người,Lời khuyên AI,Lời khuyên AI,Lời khuyên Con người,Lời khuyên AI,Lời khuyên Con người,Lời khuyên Con người,Lời khuyên AI
92,Từ 18 đến 24,Nữ,,,Lời khuyên Con người,Lời khuyên AI,Lời khuyên Con người,Lời khuyên AI,Lời khuyên AI,Lời khuyên Con người,Lời khuyên AI,Lời khuyên Con người,Lời khuyên AI,Lời khuyên Con người,Lời khuyên AI,Lời khuyên AI,Lời khuyên Con người,Lời khuyên AI,Lời khuyên Con người,Lời khuyên AI
93,Từ 18 đến 24,Nam,,,Lời khuyên Con người,Lời khuyên AI,Lời khuyên AI,Lời khuyên AI,Lời khuyên Con người,Lời khuyên AI,Lời khuyên AI,Lời khuyên AI,Lời khuyên Con người,Lời khuyên Con người,Lời khuyên Con người,Lời khuyên AI,Lời khuyên Con người,Lời khuyên Con người,Lời khuyên Con người,Lời khuyên Con người
94,Từ 18 đến 24,Nam,,,Lời khuyên Con người,Lời khuyên AI,Lời khuyên AI,Lời khuyên AI,Lời khuyên Con người,Lời khuyên Con người,Lời khuyên Con người,Lời khuyên AI,Lời khuyên Con người,Lời khuyên AI,Lời khuyên Con người,Lời khuyên AI,Lời khuyên AI,Lời khuyên AI,Lời khuyên AI,Lời khuyên AI
95,Từ 18 đến 24,Nữ,,,Lời khuyên AI,Lời khuyên AI,Lời khuyên AI,Lời khuyên Con người,Lời khuyên Con người,Lời khuyên Con người,Lời khuyên AI,Lời khuyên Con người,Lời khuyên AI,Lời khuyên AI,Lời khuyên AI,Lời khuyên Con người,Lời khuyên Con người,Lời khuyên Con người,Lời khuyên Con người,Lời khuyên Con người
96,Từ 18 đến 24,Nữ,,,Lời khuyên AI,Lời khuyên Con người,Lời khuyên AI,Lời khuyên AI,Lời khuyên Con người,Lời khuyên AI,Lời khuyên AI,Lời khuyên AI,Lời khuyên Con người,Lời khuyên AI,Lời khuyên AI,Lời khuyên AI,Lời khuyên AI,Lời khuyên Con người,Lời khuyên AI,Lời khuyên Con người
97,Từ 18 đến 24,Nam,,,Lời khuyên AI,Lời khuyên AI,Lời khuyên AI,Lời khuyên AI,Lời khuyên AI,Lời khuyên AI,Lời khuyên AI,Lời khuyên AI,Lời khuyên AI,Lời khuyên AI,Lời khuyên Con người,Lời khuyên Con người,Lời khuyên AI,Lời khuyên Con người,Lời khuyên AI,Lời khuyên AI
98,Dưới 18,Nữ,,,Lời khuyên AI,Lời khuyên AI,Lời khuyên AI,Lời khuyên AI,Lời khuyên Con người,Lời khuyên AI,Lời khuyên Con người,Lời khuyên Con người,Lời khuyên AI,Lời khuyên AI,Lời khuyên AI,Lời khuyên AI,Lời khuyên Con người,Lời khuyên Con người,Lời khuyên Con người,Lời khuyên AI
99,Dưới 18,Nam,,,Lời khuyên Con người,Lời khuyên Con người,Lời khuyên Con người,Lời khuyên AI,Lời khuyên Con người,Lời khuyên Con người,Lời khuyên AI,Lời khuyên Con người,Lời khuyên Con người,Lời khuyên AI,Lời khuyên AI,Lời khuyên Con người,Lời khuyên AI,Lời khuyên Con người,Lời khuyên AI,Lời khuyên Con người
100,Dưới 18,Nam,,,Lời khuyên AI,Lời khuyên AI,Lời khuyên AI,Lời khuyên AI,Lời khuyên Con người,Lời khuyên Con người,Lời khuyên AI,Lời khuyên AI,Lời khuyên AI,Lời khuyên AI,Lời khuyên AI,Lời khuyên AI,Lời khuyên Con người,Lời khuyên Con người,Lời khuyên Con người,Lời khuyên AI
101,Từ 18 đến 24,Nữ,,,Lời khuyên Con người,Lời khuyên AI,Lời khuyên AI,Lời khuyên AI,Lời khuyên AI,Lời khuyên AI,Lời khuyên AI,Lời khuyên AI,Lời khuyên AI,Lời khuyên AI,Lời khuyên AI,Lời khuyên AI,Lời khuyên AI,Lời khuyên Con người,Lời khuyên Con người,Lời khuyên AI
102,Từ 18 đến 24,Nữ,,,Lời khuyên AI,Lời khuyên AI,Lời khuyên AI,Lời khuyên AI,Lời khuyên AI,Lời khuyên Con người,Lời khuyên AI,Lời khuyên AI,Lời khuyên AI,Lời khuyên AI,Lời khuyên AI,Lời khuyên Con người,Lời khuyên Con người,Lời khuyên AI,Lời khuyên AI,Lời khuyên AI
103,Từ 18 đến 24,Nữ,,,Lời khuyên AI,Lời khuyên Con người,Lời khuyên AI,Lời khuyên AI,Lời khuyên AI,Lời khuyên AI,Lời khuyên AI,Lời khuyên Con người,Lời khuyên AI,Lời khuyên Con người,Lời khuyên AI,Lời khuyên Con người,Lời khuyên Con người,Lời khuyên Con người,Lời khuyên AI,Lời khuyên AI
104,Từ 18 đến 24,Nữ,,,Lời khuyên Con người,Lời khuyên AI,Lời khuyên AI,Lời khuyên AI,Lời khuyên Con người,Lời khuyên AI,Lời khuyên AI,Lời khuyên AI,Lời khuyên AI,Lời khuyên AI,Lời khuyên AI,Lời khuyên AI,Lời khuyên Con người,Lời khuyên Con người,Lời khuyên AI,Lời khuyên Con người
105,Từ 18 đến 24,Nữ,,,Lời khuyên Con người,Lời khuyên AI,Lời khuyên AI,Lời khuyên AI,Lời khuyên AI,Lời khuyên Con người,Lời khuyên Con người,Lời khuyên AI,Lời khuyên Con người,Lời khuyên AI,Lời khuyên Con người,Lời khuyên Con người,Lời khuyên AI,Lời khuyên Con người,Lời khuyên Con người,Lời khuyên Con người
106,Từ 18 đến 24,Nữ,,,Lời khuyên AI,Lời khuyên AI,Lời khuyên Con người,Lời khuyên AI,Lời khuyên Con người,Lời khuyên AI,Lời khuyên AI,Lời khuyên AI,Lời khuyên Con người,Lời khuyên AI,Lời khuyên AI,Lời khuyên Con người,Lời khuyên Con người,Lời khuyên Con người,Lời khuyên Con người,Lời khuyên Con người
107,Từ 18 đến 24,Nam,,,Lời khuyên AI,Lời khuyên AI,Lời khuyên AI,Lời khuyên AI,Lời khuyên AI,Lời khuyên Con người,Lời khuyên AI,Lời khuyên AI,Lời khuyên Con người,Lời khuyên AI,Lời khuyên Con người,Lời khuyên AI,Lời khuyên Con người,Lời khuyên Con người,Lời khuyên Con người,Lời khuyên AI
108,Từ 18 đến 24,Nữ,,,Lời khuyên AI,Lời khuyên Con người,Lời khuyên AI,Lời khuyên AI,Lời khuyên AI,Lời khuyên AI,Lời khuyên AI,Lời khuyên Con người,Lời khuyên AI,Lời khuyên AI,Lời khuyên Con người,Lời khuyên Con người,Lời khuyên AI,Lời khuyên Con người,Lời khuyên AI,Lời khuyên AI
109,Dưới 18,Nam,,,Lời khuyên Con người,Lời khuyên AI,Lời khuyên AI,Lời khuyên AI,Lời khuyên AI,Lời khuyên Con người,Lời khuyên Con người,Lời khuyên AI,Lời khuyên AI,Lời khuyên Con người,Lời khuyên AI,Lời khuyên AI,Lời khuyên AI,Lời khuyên Con người,Lời khuyên AI,Lời khuyên Con người
110,Từ 18 đến 24,Nam,,,Lời khuyên AI,Lời khuyên AI,Lời khuyên Con người,Lời khuyên AI,Lời khuyên AI,Lời khuyên AI,Lời khuyên Con người,Lời khuyên Con người,Lời khuyên Con người,Lời khuyên Con người,Lời khuyên AI,Lời khuyên Con người,Lời khuyên Con người,Lời khuyên Con người,Lời khuyên Con người,Lời khuyên Con người
111,Từ 18 đến 24,Nam,,,Lời khuyên Con người,Lời khuyên AI,Lời khuyên Con người,Lời khuyên AI,Lời khuyên AI,Lời khuyên AI,Lời khuyên AI,Lời khuyên AI,Lời khuyên AI,Lời khuyên Con người,Lời khuyên Con người,Lời khuyên AI,Lời khuyên Con người,Lời khuyên AI,Lời khuyên Con người,Lời khuyên Con người
112,Từ 25 đến 34,Nam,,,Lời khuyên AI,Lời khuyên AI,Lời khuyên AI,Lời khuyên AI,Lời khuyên Con người,Lời khuyên AI,Lời khuyên AI,Lời khuyên AI,Lời khuyên AI,Lời khuyên Con người,Lời khuyên AI,Lời khuyên AI,Lời khuyên AI,Lời khuyên Con người,Lời khuyên AI,Lời khuyên AI
113,Từ 18 đến 24,Nữ,,,Lời khuyên AI,Lời khuyên Con người,Lời khuyên AI,Lời khuyên Con người,Lời khuyên AI,Lời khuyên Con người,Lời khuyên AI,Lời khuyên AI,Lời khuyên Con người,Lời khuyên Con người,Lời khuyên Con người,Lời khuyên AI,Lời khuyên Con người,Lời khuyên Con người,Lời khuyên AI,Lời khuyên Con người
114,Từ 18 đến 24,Nữ,,,Lời khuyên AI,Lời khuyên AI,Lời khuyên AI,Lời khuyên Con người,Lời khuyên AI,Lời khuyên Con người,Lời khuyên Con người,Lời khuyên Con người,Lời khuyên AI,Lời khuyên Con người,Lời khuyên Con người,Lời khuyên AI,Lời khuyên Con người,Lời khuyên Con người,Lời khuyên AI,Lời khuyên Con người
115,Từ 18 đến 24,Nữ,,,Lời khuyên AI,Lời khuyên AI,Lời khuyên AI,Lời khuyên AI,Lời khuyên AI,Lời khuyên AI,Lời khuyên AI,Lời khuyên AI,Lời khuyên Con người,Lời khuyên AI,Lời khuyên AI,Lời khuyên Con người,Lời khuyên AI,Lời khuyên Con người,Lời khuyên AI,Lời khuyên Con người
116,Từ 18 đến 24,Nam,,,Lời khuyên AI,Lời khuyên AI,Lời khuyên Con người,Lời khuyên AI,Lời khuyên AI,Lời khuyên Con người,Lời khuyên AI,Lời khuyên AI,Lời khuyên Con người,Lời khuyên AI,Lời khuyên AI,Lời khuyên Con người,Lời khuyên Con người,Lời khuyên Con người,Lời khuyên Con người,Lời khuyên AI
117,Từ 18 đến 24,Nam,,,Lời khuyên AI,Lời khuyên AI,Lời khuyên Con người,Lời khuyên AI,Lời khuyên Con người,Lời khuyên AI,Lời khuyên AI,Lời khuyên AI,Lời khuyên AI,Lời khuyên Con người,Lời khuyên AI,Lời khuyên AI,Lời khuyên Con người,Lời khuyên Con người,Lời khuyên AI,Lời khuyên AI
118,Từ 18 đến 24,Nam,,,Lời khuyên Con người,Lời khuyên AI,Lời khuyên AI,Lời khuyên AI,Lời khuyên AI,Lời khuyên Con người,Lời khuyên Con người,Lời khuyên AI,Lời khuyên Con người,Lời khuyên AI,Lời khuyên AI,Lời khuyên AI,Lời khuyên Con người,Lời khuyên AI,Lời khuyên Con người,Lời khuyên Con người
119,Từ 18 đến 24,Nam,,,Lời khuyên AI,Lời khuyên Con người,Lời khuyên AI,Lời khuyên AI,Lời khuyên AI,Lời khuyên AI,Lời khuyên AI,Lời khuyên AI,Lời khuyên Con người,Lời khuyên AI,Lời khuyên AI,Lời khuyên AI,Lời khuyên AI,Lời khuyên Con người,Lời khuyên AI,Lời khuyên AI
120,Từ 18 đến 24,Nữ,,,Lời khuyên AI,Lời khuyên AI,Lời khuyên AI,Lời khuyên AI,Lời khuyên AI,Lời khuyên AI,Lời khuyên AI,Lời khuyên Con người,Lời khuyên Con người,Lời khuyên AI,Lời khuyên AI,Lời khuyên Con người,Lời khuyên Con người,Lời khuyên Con người,Lời khuyên AI,Lời khuyên Con người
121,Từ 18 đến 24,Nữ,,,Lời khuyên AI,Lời khuyên Con người,Lời khuyên AI,Lời khuyên AI,Lời khuyên Con người,Lời khuyên Con người,Lời khuyên Con người,Lời khuyên AI,Lời khuyên AI,Lời khuyên AI,Lời khuyên Con người,Lời khuyên Con người,Lời khuyên AI,Lời khuyên AI,Lời khuyên Con người,Lời khuyên AI
122,Từ 18 đến 24,Nữ,,,Lời khuyên Con người,Lời khuyên AI,Lời khuyên Con người,Lời khuyên AI,Lời khuyên Con người,Lời khuyên Con người,Lời khuyên AI,Lời khuyên AI,Lời khuyên AI,Lời khuyên AI,Lời khuyên Con người,Lời khuyên AI,Lời khuyên Con người,Lời khuyên AI,Lời khuyên Con người,Lời khuyên Con người
123,Dưới 18,Nam,,,Lời khuyên Con người,Lời khuyên Con người,Lời khuyên AI,Lời khuyên AI,Lời khuyên AI,Lời khuyên AI,Lời khuyên AI,Lời khuyên AI,Lời khuyên AI,Lời khuyên AI,Lời khuyên AI,Lời khuyên Con người,Lời khuyên AI,Lời khuyên AI,Lời khuyên Con người,Lời khuyên Con người
124,Từ 18 đến 24,Nữ,,,Lời khuyên AI,Lời khuyên AI,Lời khuyên AI,Lời khuyên Con người,Lời khuyên Con người,Lời khuyên AI,Lời khuyên AI,Lời khuyên Con người,Lời khuyên Con người,Lời khuyên Con người,Lời khuyên Con người,Lời khuyên AI,Lời khuyên Con người,Lời khuyên Con người,Lời khuyên AI,Lời khuyên AI
125,Từ 18 đến 24,Nữ,,,Lời khuyên AI,Lời khuyên AI,Lời khuyên AI,Lời khuyên AI,Lời khuyên AI,Lời khuyên Con người,Lời khuyên Con người,Lời khuyên AI,Lời khuyên Con người,Lời khuyên Con người,Lời khuyên Con người,Lời khuyên AI,Lời khuyên Con người,Lời khuyên Con người,Lời khuyên Con người,Lời khuyên Con người
126,Từ 18 đến 24,Nữ,,,Lời khuyên Con người,Lời khuyên Con người,Lời khuyên AI,Lời khuyên AI,Lời khuyên AI,Lời khuyên AI,Lời khuyên AI,Lời khuyên Con người,Lời khuyên AI,Lời khuyên AI,Lời khuyên Con người,Lời khuyên AI,Lời khuyên AI,Lời khuyên Con người,Lời khuyên Con người,Lời khuyên Con người
127,Từ 18 đến 24,Nữ,,,Lời khuyên AI,Lời khuyên Con người,Lời khuyên AI,Lời khuyên Con người,Lời khuyên AI,Lời khuyên AI,Lời khuyên AI,Lời khuyên AI,Lời khuyên AI,Lời khuyên Con người,Lời khuyên Con người,Lời khuyên AI,Lời khuyên Con người,Lời khuyên Con người,Lời khuyên Con người,Lời khuyên AI
128,Dưới 18,Nam,,,Lời khuyên AI,Lời khuyên AI,Lời khuyên AI,Lời khuyên AI,Lời khuyên Con người,Lời khuyên AI,Lời khuyên AI,Lời khuyên AI,Lời khuyên Con người,Lời khuyên Con người,Lời khuyên Con người,Lời khuyên Con người,Lời khuyên AI,Lời khuyên Con người,Lời khuyên Con người,Lời khuyên Con người
129,Từ 18 đến 24,Nam,,,Lời khuyên AI,Lời khuyên Con người,Lời khuyên AI,Lời khuyên AI,Lời khuyên Con người,Lời khuyên AI,Lời khuyên AI,Lời khuyên AI,Lời khuyên Con người,Lời khuyên AI,Lời khuyên Con người,Lời khuyên AI,Lời khuyên Con người,Lời khuyên AI,Lời khuyên Con người,Lời khuyên AI
130,Từ 18 đến 24,Nam,,,Lời khuyên AI,Lời khuyên Con người,Lời khuyên AI,Lời khuyên AI,Lời khuyên AI,Lời khuyên Con người,Lời khuyên AI,Lời khuyên AI,Lời khuyên Con người,Lời khuyên Con người,Lời khuyên Con người,Lời khuyên Con người,Lời khuyên Con người,Lời khuyên Con người,Lời khuyên Con người,Lời khuyên AI
131,Từ 18 đến 24,Nữ,,,Lời khuyên AI,Lời khuyên AI,Lời khuyên AI,Lời khuyên AI,Lời khuyên Con người,Lời khuyên Con người,Lời khuyên AI,Lời khuyên AI,Lời khuyên AI,Lời khuyên Con người,Lời khuyên AI,Lời khuyên AI,Lời khuyên Con người,Lời khuyên Con người,Lời khuyên Con người,Lời khuyên Con người
132,Dưới 18,Nam,,,Lời khuyên AI,Lời khuyên AI,Lời khuyên AI,Lời khuyên AI,Lời khuyên Con người,Lời khuyên AI,Lời khuyên Con người,Lời khuyên Con người,Lời khuyên Con người,Lời khuyên Con người,Lời khuyên Con người,Lời khuyên AI,Lời khuyên AI,Lời khuyên Con người,Lời khuyên AI,Lời khuyên Con người
133,Từ 18 đến 24,Nam,,,Lời khuyên AI,Lời khuyên AI,Lời khuyên AI,Lời khuyên AI,Lời khuyên AI,Lời khuyên AI,Lời khuyên AI,Lời khuyên Con người,Lời khuyên Con người,Lời khuyên AI,Lời khuyên Con người,Lời khuyên Con người,Lời khuyên Con người,Lời khuyên AI,Lời khuyên Con người,Lời khuyên AI
134,Từ 25 đến 34,Nam,,,Lời khuyên Con người,Lời khuyên Con người,Lời khuyên AI,Lời khuyên AI,Lời khuyên AI,Lời khuyên Con người,Lời khuyên Con người,Lời khuyên AI,Lời khuyên AI,Lời khuyên AI,Lời khuyên AI,Lời khuyên AI,Lời khuyên Con người,Lời khuyên Con người,Lời khuyên Con người,Lời khuyên AI
135,Từ 18 đến 24,Nam,,,Lời khuyên Con người,Lời khuyên Con người,Lời khuyên AI,Lời khuyên Con người,Lời khuyên Con người,Lời khuyên AI,Lời khuyên AI,Lời khuyên AI,Lời khuyên AI,Lời khuyên Con người,Lời khuyên AI,Lời khuyên AI,Lời khuyên Con người,Lời khuyên Con người,Lời khuyên Con người,Lời khuyên AI
136,Từ 18 đến 24,Nữ,,,Lời khuyên AI,Lời khuyên AI,Lời khuyên AI,Lời khuyên AI,Lời khuyên AI,Lời khuyên Con người,Lời khuyên AI,Lời khuyên AI,Lời khuyên AI,Lời khuyên Con người,Lời khuyên Con người,Lời khuyên AI,Lời khuyên AI,Lời khuyên Con người,Lời khuyên AI,Lời khuyên AI
137,Từ 18 đến 24,Nữ,,,Lời khuyên AI,Lời khuyên AI,Lời khuyên AI,Lời khuyên Con người,Lời khuyên AI,Lời khuyên AI,Lời khuyên AI,Lời khuyên AI,Lời khuyên Con người,Lời khuyên Con người,Lời khuyên Con người,Lời khuyên Con người,Lời khuyên AI,Lời khuyên Con người,Lời khuyên AI,Lời khuyên AI
138,Từ 18 đến 24,Nam,,,Lời khuyên Con người,Lời khuyên AI,Lời khuyên AI,Lời khuyên AI,Lời khuyên Con người,Lời khuyên Con người,Lời khuyên AI,Lời khuyên AI,Lời khuyên AI,Lời khuyên AI,Lời khuyên Con người,Lời khuyên AI,Lời khuyên AI,Lời khuyên Con người,Lời khuyên AI,Lời khuyên Con người
139,Từ 35 đến 50,Nam,,,Lời khuyên AI,Lời khuyên AI,Lời khuyên AI,Lời khuyên AI,Lời khuyên Con người,Lời khuyên Con người,Lời khuyên Con người,Lời khuyên AI,Lời khuyên Con người,Lời khuyên Con người,Lời khuyên AI,Lời khuyên AI,Lời khuyên AI,Lời khuyên AI,Lời khuyên Con người,Lời khuyên Con người
140,Từ 35 đến 50,Nam,,,Lời khuyên Con người,Lời khuyên AI,Lời khuyên Con người,Lời khuyên Con người,Lời khuyên AI,Lời khuyên AI,Lời khuyên Con người,Lời khuyên Con người,Lời khuyên Con người,Lời khuyên Con người,Lời khuyên Con người,Lời khuyên Con người,Lời khuyên AI,Lời khuyên Con người,Lời khuyên Con người,Lời khuyên Con người
141,Từ 18 đến 24,Nam,,,Lời khuyên Con người,Lời khuyên AI,Lời khuyên AI,Lời khuyên AI,Lời khuyên Con người,Lời khuyên Con người,Lời khuyên AI,Lời khuyên AI,Lời khuyên AI,Lời khuyên Con người,Lời khuyên AI,Lời khuyên AI,Lời khuyên Con người,Lời khuyên AI,Lời khuyên Con người,Lời khuyên Con người
142,Từ 18 đến 24,Nam,,,Lời khuyên Con người,Lời khuyên Con người,Lời khuyên AI,Lời khuyên Con người,Lời khuyên AI,Lời khuyên Con người,Lời khuyên AI,Lời khuyên Con người,Lời khuyên Con người,Lời khuyên AI,Lời khuyên AI,Lời khuyên Con người,Lời khuyên AI,Lời khuyên Con người,Lời khuyên Con người,Lời khuyên Con người
143,Từ 18 đến 24,Nam,,,Lời khuyên Con người,Lời khuyên AI,Lời khuyên AI,Lời khuyên Con người,Lời khuyên AI,Lời khuyên Con người,Lời khuyên AI,Lời khuyên AI,Lời khuyên Con người,Lời khuyên AI,Lời khuyên Con người,Lời khuyên Con người,Lời khuyên AI,Lời khuyên Con người,Lời khuyên Con người,Lời khuyên Con người
144,Từ 18 đến 24,Nam,,,Lời khuyên AI,Lời khuyên Con người,Lời khuyên Con người,Lời khuyên AI,Lời khuyên Con người,Lời khuyên AI,Lời khuyên Con người,Lời khuyên AI,Lời khuyên AI,Lời khuyên Con người,Lời khuyên AI,Lời khuyên Con người,Lời khuyên Con người,Lời khuyên Con người,Lời khuyên AI,Lời khuyên Con người
145,Dưới 18,Nữ,,,Lời khuyên AI,Lời khuyên AI,Lời khuyên AI,Lời khuyên Con người,Lời khuyên Con người,Lời khuyên AI,Lời khuyên AI,Lời khuyên AI,Lời khuyên Con người,Lời khuyên Con người,Lời khuyên AI,Lời khuyên AI,Lời khuyên AI,Lời khuyên Con người,Lời khuyên AI,Lời khuyên AI
146,Từ 18 đến 24,Nữ,,,Lời khuyên AI,Lời khuyên Con người,Lời khuyên AI,Lời khuyên Con người,Lời khuyên Con người,Lời khuyên AI,Lời khuyên Con người,Lời khuyên AI,Lời khuyên Con người,Lời khuyên Con người,Lời khuyên Con người,Lời khuyên Con người,Lời khuyên AI,Lời khuyên AI,Lời khuyên Con người,Lời khuyên Con người
147,Từ 18 đến 24,Nam,,,Lời khuyên AI,Lời khuyên Con người,Lời khuyên AI,Lời khuyên Con người,Lời khuyên AI,Lời khuyên AI,Lời khuyên AI,Lời khuyên AI,Lời khuyên AI,Lời khuyên AI,Lời khuyên AI,Lời khuyên Con người,Lời khuyên Con người,Lời khuyên AI,Lời khuyên AI,Lời khuyên Con người
148,Dưới 18,Nam,,,Lời khuyên AI,Lời khuyên Con người,Lời khuyên AI,Lời khuyên Con người,Lời khuyên AI,Lời khuyên Con người,Lời khuyên Con người,Lời khuyên Con người,Lời khuyên Con người,Lời khuyên AI,Lời khuyên AI,Lời khuyên AI,Lời khuyên AI,Lời khuyên Con người,Lời khuyên AI,Lời khuyên Con người
149,Từ 18 đến 24,Nữ,,,Lời khuyên AI,Lời khuyên AI,Lời khuyên AI,Lời khuyên AI,Lời khuyên AI,Lời khuyên AI,Lời khuyên Con người,Lời khuyên Con người,Lời khuyên AI,Lời khuyên AI,Lời khuyên AI,Lời khuyên Con người,Lời khuyên Con người,Lời khuyên Con người,Lời khuyên Con người,Lời khuyên AI
150,Từ 18 đến 24,Nữ,,,Lời khuyên AI,Lời khuyên Con người,Lời khuyên AI,Lời khuyên AI,Lời khuyên Con người,Lời khuyên AI,Lời khuyên AI,Lời khuyên AI,Lời khuyên Con người,Lời khuyên Con người,Lời khuyên AI,Lời khuyên AI,Lời khuyên AI,Lời khuyên Con người,Lời khuyên Con người,Lời khuyên Con người
151,Từ 18 đến 24,Nữ,,,Lời khuyên Con người,Lời khuyên AI,Lời khuyên AI,Lời khuyên AI,Lời khuyên AI,Lời khuyên Con người,Lời khuyên AI,Lời khuyên AI,Lời khuyên AI,Lời khuyên Con người,Lời khuyên Con người,Lời khuyên Con người,Lời khuyên Con người,Lời khuyên AI,Lời khuyên AI,Lời khuyên Con người
152,Từ 18 đến 24,Nữ,,,Lời khuyên AI,Lời khuyên AI,Lời khuyên AI,Lời khuyên Con người,Lời khuyên Con người,Lời khuyên Con người,Lời khuyên AI,Lời khuyên Con người,Lời khuyên Con người,Lời khuyên AI,Lời khuyên AI,Lời khuyên Con người,Lời khuyên Con người,Lời khuyên AI,Lời khuyên AI,Lời khuyên AI
153,Từ 18 đến 24,Nam,,,Lời khuyên Con người,Lời khuyên AI,Lời khuyên AI,Lời khuyên AI,Lời khuyên Con người,Lời khuyên AI,Lời khuyên Con người,Lời khuyên AI,Lời khuyên AI,Lời khuyên AI,Lời khuyên AI,Lời khuyên AI,Lời khuyên Con người,Lời khuyên Con người,Lời khuyên Con người,Lời khuyên Con người
154,Trên 50,Nam,,,Lời khuyên AI,Lời khuyên AI,Lời khuyên AI,Lời khuyên AI,Lời khuyên AI,Lời khuyên AI,Lời khuyên AI,Lời khuyên AI,Lời khuyên AI,Lời khuyên AI,Lời khuyên AI,Lời khuyên Con người,Lời khuyên Con người,Lời khuyên AI,Lời khuyên AI,Lời khuyên Con người
155,Từ 18 đến 24,Nữ,,,Lời khuyên Con người,Lời khuyên AI,Lời khuyên AI,Lời khuyên AI,Lời khuyên AI,Lời khuyên Con người,Lời khuyên AI,Lời khuyên AI,Lời khuyên Con người,Lời khuyên Con người,Lời khuyên AI,Lời khuyên AI,Lời khuyên AI,Lời khuyên AI,Lời khuyên Con người,Lời khuyên AI
156,Từ 18 đến 24,Nam,,,Lời khuyên Con người,Lời khuyên Con người,Lời khuyên AI,Lời khuyên AI,Lời khuyên AI,Lời khuyên AI,Lời khuyên AI,Lời khuyên AI,Lời khuyên Con người,Lời khuyên Con người,Lời khuyên AI,Lời khuyên Con người,Lời khuyên Con người,Lời khuyên Con người,Lời khuyên AI,Lời khuyên Con người
157,Từ 18 đến 24,Nữ,,,Lời khuyên Con người,Lời khuyên Con người,Lời khuyên AI,Lời khuyên Con người,Lời khuyên Con người,Lời khuyên Con người,Lời khuyên AI,Lời khuyên AI,Lời khuyên AI,Lời khuyên Con người,Lời khuyên Con người,Lời khuyên AI,Lời khuyên Con người,Lời khuyên Con người,Lời khuyên Con người,Lời khuyên AI
158,Từ 18 đến 24,Nữ,,,Lời khuyên AI,Lời khuyên AI,Lời khuyên AI,Lời khuyên AI,Lời khuyên AI,Lời khuyên Con người,Lời khuyên AI,Lời khuyên AI,Lời khuyên AI,Lời khuyên AI,Lời khuyên Con người,Lời khuyên Con người,Lời khuyên Con người,Lời khuyên AI,Lời khuyên AI,Lời khuyên Con người
159,Từ 18 đến 24,Nữ,,,Lời khuyên AI,Lời khuyên AI,Lời khuyên AI,Lời khuyên Con người,Lời khuyên AI,Lời khuyên AI,Lời khuyên Con người,Lời khuyên AI,Lời khuyên Con người,Lời khuyên Con người,Lời khuyên AI,Lời khuyên Con người,Lời khuyên Con người,Lời khuyên Con người,Lời khuyên Con người,Lời khuyên Con người
160,Từ 18 đến 24,Nam,,,Lời khuyên Con người,Lời khuyên AI,Lời khuyên AI,Lời khuyên Con người,Lời khuyên Con người,Lời khuyên AI,Lời khuyên AI,Lời khuyên Con người,Lời khuyên AI,Lời khuyên AI,Lời khuyên AI,Lời khuyên AI,Lời khuyên Con người,Lời khuyên Con người,Lời khuyên Con người,Lời khuyên AI
161,Từ 18 đến 24,Nữ,,,Lời khuyên AI,Lời khuyên AI,Lời khuyên Con người,Lời khuyên AI,Lời khuyên Con người,Lời khuyên Con người,Lời khuyên AI,Lời khuyên AI,Lời khuyên Con người,Lời khuyên Con người,Lời khuyên Con người,Lời khuyên Con người,Lời khuyên Con người,Lời khuyên Con người,Lời khuyên Con người,Lời khuyên Con người
162,Từ 18 đến 24,Nam,,,Lời khuyên AI,Lời khuyên AI,Lời khuyên AI,Lời khuyên Con người,Lời khuyên AI,Lời khuyên Con người,Lời khuyên AI,Lời khuyên Con người,Lời khuyên AI,Lời khuyên AI,Lời khuyên AI,Lời khuyên AI,Lời khuyên Con người,Lời khuyên AI,Lời khuyên Con người,Lời khuyên AI
163,Từ 18 đến 24,Nữ,,,Lời khuyên AI,Lời khuyên AI,Lời khuyên AI,Lời khuyên AI,Lời khuyên AI,Lời khuyên AI,Lời khuyên Con người,Lời khuyên AI,Lời khuyên AI,Lời khuyên AI,Lời khuyên AI,Lời khuyên Con người,Lời khuyên Con người,Lời khuyên Con người,Lời khuyên Con người,Lời khuyên Con người
164,Dưới 18,Nữ,,,Lời khuyên AI,Lời khuyên Con người,Lời khuyên Con người,Lời khuyên Con người,Lời khuyên Con người,Lời khuyên AI,Lời khuyên AI,Lời khuyên AI,Lời khuyên Con người,Lời khuyên Con người,Lời khuyên AI,Lời khuyên AI,Lời khuyên AI,Lời khuyên Con người,Lời khuyên AI,Lời khuyên Con người
165,Từ 18 đến 24,Nam,,,Lời khuyên AI,Lời khuyên AI,Lời khuyên AI,Lời khuyên AI,Lời khuyên Con người,Lời khuyên AI,Lời khuyên AI,Lời khuyên AI,Lời khuyên AI,Lời khuyên AI,Lời khuyên Con người,Lời khuyên AI,Lời khuyên AI,Lời khuyên AI,Lời khuyên AI,Lời khuyên Con người
166,Từ 18 đến 24,Nữ,,,Lời khuyên AI,Lời khuyên Con người,Lời khuyên Con người,Lời khuyên AI,Lời khuyên AI,Lời khuyên Con người,Lời khuyên AI,Lời khuyên AI,Lời khuyên AI,Lời khuyên Con người,Lời khuyên AI,Lời khuyên AI,Lời khuyên Con người,Lời khuyên Con người,Lời khuyên Con người,Lời khuyên Con người
167,Từ 18 đến 24,Nữ,,,Lời khuyên AI,Lời khuyên AI,Lời khuyên AI,Lời khuyên AI,Lời khuyên AI,Lời khuyên AI,Lời khuyên AI,Lời khuyên AI,Lời khuyên Con người,Lời khuyên AI,Lời khuyên AI,Lời khuyên AI,Lời khuyên AI,Lời khuyên Con người,Lời khuyên AI,Lời khuyên Con người
168,Dưới 18,Nam,,,Lời khuyên Con người,Lời khuyên AI,Lời khuyên AI,Lời khuyên AI,Lời khuyên Con người,Lời khuyên AI,Lời khuyên AI,Lời khuyên AI,Lời khuyên Con người,Lời khuyên AI,Lời khuyên AI,Lời khuyên AI,Lời khuyên Con người,Lời khuyên Con người,Lời khuyên AI,Lời khuyên AI
169,Từ 18 đến 24,Nam,,,Lời khuyên Con người,Lời khuyên Con người,Lời khuyên AI,Lời khuyên AI,Lời khuyên Con người,Lời khuyên AI,Lời khuyên Con người,Lời khuyên AI,Lời khuyên AI,Lời khuyên Con người,Lời khuyên Con người,Lời khuyên AI,Lời khuyên AI,Lời khuyên Con người,Lời khuyên AI,Lời khuyên Con người
170,Từ 18 đến 24,Nam,,,Lời khuyên Con người,Lời khuyên AI,Lời khuyên Con người,Lời khuyên AI,Lời khuyên Con người,Lời khuyên Con người,Lời khuyên Con người,Lời khuyên AI,Lời khuyên Con người,Lời khuyên AI,Lời khuyên Con người,Lời khuyên AI,Lời khuyên Con người,Lời khuyên Con người,Lời khuyên Con người,Lời khuyên AI
171,Dưới 18,Nam,,,Lời khuyên Con người,Lời khuyên AI,Lời khuyên Con người,Lời khuyên AI,Lời khuyên AI,Lời khuyên AI,Lời khuyên AI,Lời khuyên Con người,Lời khuyên Con người,Lời khuyên AI,Lời khuyên AI,Lời khuyên AI,Lời khuyên AI,Lời khuyên Con người,Lời khuyên Con người,Lời khuyên Con người
172,Từ 18 đến 24,Nam,,,Lời khuyên AI,Lời khuyên AI,Lời khuyên AI,Lời khuyên AI,Lời khuyên Con người,Lời khuyên Con người,Lời khuyên AI,Lời khuyên Con người,Lời khuyên Con người,Lời khuyên AI,Lời khuyên Con người,Lời khuyên AI,Lời khuyên AI,Lời khuyên Con người,Lời khuyên AI,Lời khuyên AI
173,Từ 18 đến 24,Nữ,,,Lời khuyên Con người,Lời khuyên AI,Lời khuyên Con người,Lời khuyên AI,Lời khuyên Con người,Lời khuyên Con người,Lời khuyên Con người,Lời khuyên AI,Lời khuyên Con người,Lời khuyên Con người,Lời khuyên AI,Lời khuyên AI,Lời khuyên Con người,Lời khuyên Con người,Lời khuyên Con người,Lời khuyên Con người
174,Từ 18 đến 24,Nam,,,Lời khuyên AI,Lời khuyên AI,Lời khuyên AI,Lời khuyên AI,Lời khuyên AI,Lời khuyên AI,Lời khuyên AI,Lời khuyên AI,Lời khuyên Con người,Lời khuyên AI,Lời khuyên AI,Lời khuyên AI,Lời khuyên AI,Lời khuyên AI,Lời khuyên AI,Lời khuyên AI
175,Từ 18 đến 24,Nam,,,Lời khuyên Con người,Lời khuyên AI,Lời khuyên Con người,Lời khuyên AI,Lời khuyên AI,Lời khuyên Con người,Lời khuyên AI,Lời khuyên AI,Lời khuyên AI,Lời khuyên Con người,Lời khuyên AI,Lời khuyên Con người,Lời khuyên Con người,Lời khuyên Con người,Lời khuyên Con người,Lời khuyên Con người
176,Từ 18 đến 24,Nữ,,,Lời khuyên AI,Lời khuyên AI,Lời khuyên AI,Lời khuyên AI,Lời khuyên Con người,Lời khuyên AI,Lời khuyên Con người,Lời khuyên AI,Lời khuyên AI,Lời khuyên Con người,Lời khuyên Con người,Lời khuyên AI,Lời khuyên Con người,Lời khuyên Con người,Lời khuyên AI,Lời khuyên AI
177,Từ 18 đến 24,Nam,,,Lời khuyên AI,Lời khuyên AI,Lời khuyên AI,Lời khuyên AI,Lời khuyên AI,Lời khuyên AI,Lời khuyên AI,Lời khuyên Con người,Lời khuyên Con người,Lời khuyên Con người,Lời khuyên AI,Lời khuyên AI,Lời khuyên Con người,Lời khuyên Con người,Lời khuyên AI,Lời khuyên Con người
178,Từ 25 đến 34,Nữ,,,Lời khuyên AI,Lời khuyên Con người,Lời khuyên AI,Lời khuyên AI,Lời khuyên Con người,Lời khuyên AI,Lời khuyên AI,Lời khuyên AI,Lời khuyên Con người,Lời khuyên Con người,Lời khuyên Con người,Lời khuyên AI,Lời khuyên AI,Lời khuyên Con người,Lời khuyên Con người,Lời khuyên AI
179,Từ 18 đến 24,Nam,,,Lời khuyên AI,Lời khuyên AI,Lời khuyên AI,Lời khuyên AI,Lời khuyên AI,Lời khuyên AI,Lời khuyên AI,Lời khuyên AI,Lời khuyên AI,Lời khuyên Con người,Lời khuyên AI,Lời khuyên Con người,Lời khuyên Con người,Lời khuyên AI,Lời khuyên Con người,Lời khuyên Con người
180,Từ 18 đến 24,Nam,,,Lời khuyên Con người,Lời khuyên Con người,Lời khuyên AI,Lời khuyên Con người,Lời khuyên AI,Lời khuyên Con người,Lời khuyên Con người,Lời khuyên Con người,Lời khuyên Con người,Lời khuyên AI,Lời khuyên Con người,Lời khuyên AI,Lời khuyên AI,Lời khuyên Con người,Lời khuyên Con người,Lời khuyên Con người
181,Dưới 18,Nữ,,,Lời khuyên AI,Lời khuyên Con người,Lời khuyên AI,Lời khuyên AI,Lời khuyên AI,Lời khuyên Con người,Lời khuyên AI,Lời khuyên Con người,Lời khuyên Con người,Lời khuyên Con người,Lời khuyên AI,Lời khuyên AI,Lời khuyên AI,Lời khuyên Con người,Lời khuyên Con người,Lời khuyên Con người
182,Từ 25 đến 34,Nữ,,,Lời khuyên AI,Lời khuyên AI,Lời khuyên AI,Lời khuyên AI,Lời khuyên AI,Lời khuyên Con người,Lời khuyên Con người,Lời khuyên AI,Lời khuyên Con người,Lời khuyên AI,Lời khuyên Con người,Lời khuyên Con người,Lời khuyên Con người,Lời khuyên Con người,Lời khuyên Con người,Lời khuyên AI
183,Từ 18 đến 24,Nữ,,,Lời khuyên Con người,Lời khuyên Con người,Lời khuyên AI,Lời khuyên AI,Lời khuyên AI,Lời khuyên AI,Lời khuyên Con người,Lời khuyên AI,Lời khuyên AI,Lời khuyên AI,Lời khuyên AI,Lời khuyên Con người,Lời khuyên Con người,Lời khuyên Con người,Lời khuyên Con người,Lời khuyên AI
184,Từ 18 đến 24,Nữ,,,Lời khuyên AI,Lời khuyên AI,Lời khuyên AI,Lời khuyên AI,Lời khuyên Con người,Lời khuyên Con người,Lời khuyên AI,Lời khuyên AI,Lời khuyên AI,Lời khuyên AI,Lời khuyên Con người,Lời khuyên AI,Lời khuyên Con người,Lời khuyên Con người,Lời khuyên AI,Lời khuyên Con người
185,Từ 18 đến 24,Nữ,,,Lời khuyên AI,Lời khuyên Con người,Lời khuyên Con người,Lời khuyên AI,Lời khuyên Con người,Lời khuyên AI,Lời khuyên AI,Lời khuyên Con người,Lời khuyên Con người,Lời khuyên Con người,Lời khuyên AI,Lời khuyên AI,Lời khuyên AI,Lời khuyên AI,Lời khuyên AI,Lời khuyên AI
186,Từ 18 đến 24,Nam,,,Lời khuyên AI,Lời khuyên AI,Lời khuyên AI,Lời khuyên AI,Lời khuyên AI,Lời khuyên Con người,Lời khuyên AI,Lời khuyên AI,Lời khuyên Con người,Lời khuyên AI,Lời khuyên Con người,Lời khuyên AI,Lời khuyên Con người,Lời khuyên AI,Lời khuyên Con người,Lời khuyên Con người
187,Từ 18 đến 24,Nam,,,Lời khuyên AI,Lời khuyên Con người,Lời khuyên AI,Lời khuyên Con người,Lời khuyên Con người,Lời khuyên AI,Lời khuyên Con người,Lời khuyên Con người,Lời khuyên AI,Lời khuyên Con người,Lời khuyên AI,Lời khuyên AI,Lời khuyên Con người,Lời khuyên Con người,Lời khuyên Con người,Lời khuyên AI
188,Từ 18 đến 24,Nữ,,,Lời khuyên Con người,Lời khuyên AI,Lời khuyên Con người,Lời khuyên Con người,Lời khuyên Con người,Lời khuyên Con người,Lời khuyên AI,Lời khuyên Con người,Lời khuyên Con người,Lời khuyên AI,Lời khuyên Con người,Lời khuyên Con người,Lời khuyên AI,Lời khuyên Con người,Lời khuyên AI,Lời khuyên AI
189,Từ 18 đến 24,Nữ,,,Lời khuyên Con người,Lời khuyên Con người,Lời khuyên Con người,Lời khuyên AI,Lời khuyên AI,Lời khuyên AI,Lời khuyên AI,Lời khuyên AI,Lời khuyên Con người,Lời khuyên AI,Lời khuyên AI,Lời khuyên Con người,Lời khuyên Con người,Lời khuyên Con người,Lời khuyên Con người,Lời khuyên Con người
190,Dưới 18,Nữ,,,Lời khuyên AI,Lời khuyên AI,Lời khuyên Con người,Lời khuyên AI,Lời khuyên AI,Lời khuyên AI,Lời khuyên AI,Lời khuyên AI,Lời khuyên AI,Lời khuyên Con người,Lời khuyên AI,Lời khuyên AI,Lời khuyên Con người,Lời khuyên Con người,Lời khuyên AI,Lời khuyên AI
191,Từ 18 đến 24,Nam,,,Lời khuyên AI,Lời khuyên AI,Lời khuyên AI,Lời khuyên Con người,Lời khuyên AI,Lời khuyên AI,Lời khuyên AI,Lời khuyên AI,Lời khuyên Con người,Lời khuyên AI,Lời khuyên AI,Lời khuyên Con người,Lời khuyên Con người,Lời khuyên AI,Lời khuyên AI,Lời khuyên Con người
192,Từ 18 đến 24,Nam,,,Lời khuyên Con người,Lời khuyên AI,Lời khuyên Con người,Lời khuyên AI,Lời khuyên AI,Lời khuyên Con người,Lời khuyên AI,Lời khuyên Con người,Lời khuyên AI,Lời khuyên Con người,Lời khuyên AI,Lời khuyên Con người,Lời khuyên AI,Lời khuyên Con người,Lời khuyên Con người,Lời khuyên Con người
193,Từ 18 đến 24,Nữ,,,Lời khuyên AI,Lời khuyên AI,Lời khuyên Con người,Lời khuyên AI,Lời khuyên AI,Lời khuyên Con người,Lời khuyên AI,Lời khuyên AI,Lời khuyên Con người,Lời khuyên Con người,Lời khuyên Con người,Lời khuyên AI,Lời khuyên AI,Lời khuyên AI,Lời khuyên Con người,Lời khuyên AI
194,Từ 18 đến 24,Nam,,,Lời khuyên Con người,Lời khuyên AI,Lời khuyên AI,Lời khuyên AI,Lời khuyên AI,Lời khuyên Con người,Lời khuyên AI,Lời khuyên AI,Lời khuyên AI,Lời khuyên Con người,Lời khuyên AI,Lời khuyên Con người,Lời khuyên Con người,Lời khuyên Con người,Lời khuyên AI,Lời khuyên Con người
195,Từ 18 đến 24,Nữ,,,Lời khuyên AI,Lời khuyên Con người,Lời khuyên Con người,Lời khuyên AI,Lời khuyên AI,Lời khuyên AI,Lời khuyên AI,Lời khuyên AI,Lời khuyên Con người,Lời khuyên Con người,Lời khuyên Con người,Lời khuyên AI,Lời khuyên Con người,Lời khuyên Con người,Lời khuyên AI,Lời khuyên Con người
196,Từ 18 đến 24,Nữ,,,Lời khuyên Con người,Lời khuyên AI,Lời khuyên AI,Lời khuyên AI,Lời khuyên AI,Lời khuyên Con người,Lời khuyên AI,Lời khuyên AI,Lời khuyên AI,Lời khuyên Con người,Lời khuyên Con người,Lời khuyên AI,Lời khuyên AI,Lời khuyên Con người,Lời khuyên Con người,Lời khuyên Con người
197,Từ 18 đến 24,Nam,,,Lời khuyên AI,Lời khuyên AI,Lời khuyên AI,Lời khuyên AI,Lời khuyên AI,Lời khuyên Con người,Lời khuyên AI,Lời khuyên AI,Lời khuyên Con người,Lời khuyên Con người,Lời khuyên AI,Lời khuyên Con người,Lời khuyên AI,Lời khuyên Con người,Lời khuyên Con người,Lời khuyên AI
198,Từ 18 đến 24,Nữ,,,Lời khuyên AI,Lời khuyên Con người,Lời khuyên AI,Lời khuyên AI,Lời khuyên AI,Lời khuyên AI,Lời khuyên Con người,Lời khuyên AI,Lời khuyên Con người,Lời khuyên AI,Lời khuyên AI,Lời khuyên Con người,Lời khuyên Con người,Lời khuyên AI,Lời khuyên Con người,Lời khuyên Con người
199,Từ 18 đến 24,Nữ,,,Lời khuyên AI,Lời khuyên AI,Lời khuyên AI,Lời khuyên AI,Lời khuyên AI,Lời khuyên Con người,Lời khuyên AI,Lời khuyên AI,Lời khuyên Con người,Lời khuyên Con người,Lời khuyên AI,Lời khuyên Con người,Lời khuyên AI,Lời khuyên Con người,Lời khuyên Con người,Lời khuyên Con người
